Name;Length;WingSpan;WingArea;EmptyMass;MaxFuelMass;CritAirSpd;CritAirSpdMach;CritGearSpd;CombatFlaps;TakeoffFlaps;CritFlapsSpd;CritWingOverload;NumEngines;RPM;MaxNitro;NitroConsum;CritAoA
a-10a_early;10.8;17.5;46.8;11520.0;4853.0;874.0;0.8;370.4;0;24.0;0.33,740.0,1.0,370.4;-220000.0,750000.0;1;11400.0,17900.0,18500.0;0.0;0;21.5,-16.0,23.5,-15.0
a-10a_late;10.8;17.5;46.8;11520.0;4853.0;874.0;0.8;370.4;0;24.0;0.33,740.0,1.0,370.4;-220000.0,750000.0;1;11400.0,17900.0,18500.0;0.0;0;21.5,-16.0,23.5,-15.0
a-10c;10.8;17.5;46.8;11590.0;10111.0;874.0;0.8;370.4;0;24.0;0.33,740.0,1.0,370.4;-220000.0,750000.0;1;11400.0,17900.0,18500.0;0.0;0;21.5,-16.0,23.5,-15.0
a-20g;14.63;18.693;43.1813;7742.0;1090.0;696.0;0.703;296.0;20.0;33.0;0.1,445.0,1.0,296.0;-131700.0,263400.0;2;600.0,2401.0,2760.0;0.0;0;16.0,-15.5,14.5,-13.0
a-26b;15.469;21.336;50.214;10332.0;2522.0;718.0;0.71;270.0;20.0;33.0;0.1,527.0,1.0,351.0;-322000.0,445000.0;2;550.0,2701.0,3400.0;162.8;0;15.5,-15.0,12.5,-12.0
a-26b_10;15.469;21.336;50.214;10192.0;2522.0;718.0;0.71;270.0;20.0;33.0;0.1,527.0,1.0,351.0;-322000.0,445000.0;2;550.0,2701.0,3400.0;0.0;0;15.5,-15.0,12.5,-12.0
a-26c;15.621;21.336;50.214;10340.0;2182.1;718.0;0.71;270.0;20.0;33.0;0.1,527.0,1.0,351.0;-322000.0,445000.0;2;550.0,2701.0,3400.0;162.8;0;15.5,-15.0,12.5,-12.0
a2d;12.5984;;;7148.0;1061.406;;;301.0;20.0;33.0;0.0,600.0,0.21,420.0,0.33,351.0,1.0,301.0;;;;0.0;0;
a5m4;7.565;11.0;17.8;1354.0;172.8;558.0;0.7;558.0;20.0;33.0;0.1,420.0,1.0,220.0;-38000.0,102000.0;1;300.0,2600.0,3000.0;0.0;0;17.2,-17.0,14.1,-20.0
a6m2_mod11;9.05;11.8;22.438;1821.0;385.2;660.0;0.83;310.0;20.0;33.0;0.1,510.0,1.0,280.0;-84523.2,149473.0;1;100.0,2550.0,2650.0;0.0;0;17.0,-14.5,16.5,-13.0
a6m2_n_zero;9.05;11.8;22.14;1823.0;464.2;650.0;0.83;550.0;20.0;33.0;0.1,520.4,1.0,320.4;-127138.0,151757.0;1;100.0,2550.0,2650.0;0.0;0;17.0,-14.5,16.5,-13.0
a6m2_zero;9.05;11.8;22.438;1864.0;385.2;660.0;0.83;310.0;20.0;33.0;0.1,510.0,1.0,280.0;-84523.2,149473.0;1;100.0,2550.0,2650.0;0.0;0;17.0,-14.5,16.5,-13.0
a6m3_mod22_zero;9.05;12.0;22.438;2086.0;417.6;660.0;0.79;240.0;20.0;33.0;0.1,420.0,1.0,220.0;-79507.4,175027.0;1;500.0,2750.0,3000.0;0.0;0;17.0,-14.5,16.5,-13.0
a6m3_zero;9.05;11.0;21.838;1990.0;592.7;703.0;0.83;290.0;20.0;33.0;0.1,420.0,1.0,220.0;-79507.4,175027.0;1;500.0,2750.0,3000.0;0.0;0;17.0,-14.5,16.5,-13.0
a6m5_hei;9.05;11.0;21.3;2478.0;475.2;777.0;0.83;300.0;20.0;33.0;0.1,420.0,1.0,220.0;-153260.0,204347.0;1;500.0,2750.0,3000.0;0.0;0;17.0,-14.5,16.5,-13.0
a6m5_ko_otsu;9.05;11.0;21.3;2088.0;417.6;777.0;0.83;300.0;20.0;33.0;0.1,420.0,1.0,220.0;-79507.4,182256.0;1;500.0,2750.0,3000.0;0.0;0;17.0,-14.5,16.5,-13.0
a6m5_zero;9.05;11.0;21.3;2094.0;417.6;703.0;0.83;300.0;20.0;33.0;0.1,420.0,1.0,220.0;-79507.4,182256.0;1;500.0,2750.0,3000.0;0.0;0;17.0,-14.5,16.5,-13.0
a6m6c;9.05;11.0;21.3;2401.0;475.2;777.0;0.83;300.0;20.0;33.0;0.1,420.0,1.0,220.0;-153260.0,204347.0;1;500.0,2800.0,3000.0;70.0;0;17.0,-14.5,16.5,-13.0
a7he1;9.3;9.1;16.98;1911.0;200.0;730.0;0.8;300.0;20.0;33.0;0.1,520.4,1.0,320.4;-87572.8,109466.0;1;400.0,2700.0,2800.0;0.0;0;15.2,-14.0,14.1,-20.0
a7m1;10.984;;;3164.0;613.0;;;310.0;20.0;33.0;0.1,510.0,1.0,280.0;;;;116.0;0;
a7m2;10.984;;;3284.0;613.0;;;310.0;20.0;33.0;0.1,510.0,1.0,280.0;;;;116.0;0;
a_109_eoa2;16.0;;;1560.0;450.0;280.0;;420.0;0;33.0;0.0,600.0,0.21,564.0,0.33,351.0,1.0,315.0;;1;4000.0,6016.0,7600.0;0.0;0;
a_129_a;16.0;;;3100.0;933.0;310.0;;420.0;0;33.0;0.0,600.0,0.21,564.0,0.33,351.0,1.0,315.0;;1;4700.0,6850.0,8900.0;0.0;0;
a_129_cbt;16.0;;;3160.0;933.0;310.0;;420.0;0;33.0;0.0,600.0,0.21,564.0,0.33,351.0,1.0,315.0;;1;4700.0,6150.0,8100.0;0.0;0;
a_129_d;16.0;;;3160.0;933.0;310.0;;420.0;0;33.0;0.0,600.0,0.21,564.0,0.33,351.0,1.0,315.0;;1;4700.0,6150.0,8100.0;0.0;0;
a_129_int;16.0;;;3100.0;933.0;310.0;;420.0;0;33.0;0.0,600.0,0.21,564.0,0.33,351.0,1.0,315.0;;1;4700.0,6850.0,8900.0;0.0;0;
a_29_hudson;13.51;;;5985.0;1754.0;;;235.0;20.0;33.0;0.1,340.0,1.0,235.0;;2;300.0,2500.0,2900.0;0.0;0;
a_35b;12.1158;14.63;30.8438;5322.0;780.0;702.0;0.69;278.0;20.0;33.0;0.1,430.0,0.33,290.0,1.0,278.0;-180290.0,451100.0;1;750.0,2600.0,3100.0;0.0;0;16.2,-14.0,14.3,-8.0
a_4b;11.9967;8.382;24.1548;4439.0;2467.5;1167.0;1.281;437.0;20.0;33.0;0.1,615.0,1.0,410.0;-102500.0,291900.0;2;3600.0,8300.0,8800.0;0.0;0;25.0,-22.5,23.0,-23.0
a_4e_early;11.9967;8.382;24.1548;4574.0;2467.5;1167.0;1.281;437.0;20.0;33.0;0.1,615.0,1.0,410.0;-102500.0,291900.0;2;4600.0,11650.0,11952.0;0.0;0;25.0,-22.5,23.0,-23.0
a_4e_early_iaf;12.59;8.382;24.1548;4919.0;2467.5;1167.0;1.281;437.0;20.0;33.0;0.1,615.0,1.0,410.0;-102500.0,291900.0;2;4600.0,11650.0,11952.0;0.0;0;25.0,-22.5,23.0,-23.0
a_4e_late_iaf;12.59;8.382;24.1548;4944.0;2467.5;1167.0;1.281;437.0;20.0;33.0;0.1,615.0,1.0,410.0;-102500.0,291900.0;2;4600.0,12060.0,12410.0;0.0;0;25.0,-22.5,23.0,-23.0
a_4h;11.9967;8.382;24.1548;4644.0;2467.5;1167.0;1.281;437.0;20.0;33.0;0.1,615.0,1.0,410.0;-102500.0,291900.0;2;4600.0,12060.0,12410.0;0.0;0;25.0,-22.5,23.0,-23.0
a_4n;12.59;8.382;24.1548;4950.0;2467.5;1167.0;1.281;437.0;20.0;33.0;0.1,615.0,1.0,410.0;-102500.0,291900.0;2;4600.0,12010.0,12400.0;0.0;0;25.0,-22.5,23.0,-23.0
a_4ptm_malaysia;11.9967;8.382;24.1548;4580.0;2467.5;1167.0;1.281;437.0;20.0;33.0;0.1,615.0,1.0,410.0;-102500.0,291900.0;2;3600.0,8300.0,8800.0;0.0;0;25.0,-22.5,23.0,-23.0
a_5c;15.415;9.68;27.95;6609.0;2827.0;1260.0;1.65;577.0;0;33.0;0.2,700.0,0.33,500.0,1.0,450.0;-215000.0,435000.0;1;4100.0,11195.0,11600.0;0.0;0;22.0,-21.0,16.0,-17.0
a_6e_tram;16.688;16.1544;49.136;12455.0;7229.0;1322.0;1.07;460.0;0;70.0;0.1,650.0,1.0,460.0;-330000.0,940000.0;1;4600.0,12060.0,12410.0;0.0;0;23.0,-21.0,22.5,-19.0
a_7d;14.06;;;9006.0;4201.0;1254.0;;407.0;20.0;33.0;0.1,505.0,0.33,457.0,1.0,407.0;;1;6896.0,12770.0,13408.0;0.0;0;
a_7e;14.06;11.8049;34.84;9011.0;4552.0;1254.0;1.124;407.0;20.0;33.0;0.1,505.0,0.33,457.0,1.0,407.0;-291000.0,670600.0;1;6896.0,12770.0,13408.0;0.0;0;23.5,-22.5,22.0,-21.0
a_7k;14.06;11.8049;34.84;9011.0;4552.0;1254.0;1.124;407.0;20.0;33.0;0.1,505.0,0.33,457.0,1.0,407.0;-291000.0,670600.0;1;6896.0,12770.0,13408.0;0.0;0;23.5,-22.5,22.0,-21.0
ab_205a_1;12.98;;;2200.0;833.0;;;420.0;0;33.0;0.0,600.0,0.21,564.0,0.33,351.0,1.0,315.0;;;;0.0;0;
ah-64d;16.0;4.9;4.8;5320.0;1100.0;460.0;0.79;420.0;0;33.0;0.0,600.0,0.21,564.0,0.33,351.0,1.0,315.0;-70000.0,130000.0;1;12500.0,20900.0,30000.0;0.0;0;28.6,-28.0,29.6,-28.0
ah_1f;17.51;;;2970.0;833.0;;;420.0;0;33.0;0.0,600.0,0.21,564.0,0.33,351.0,1.0,315.0;;;;0.0;0;
ah_1f_iaf;17.51;;;2970.0;833.0;;;420.0;0;33.0;0.0,600.0,0.21,564.0,0.33,351.0,1.0,315.0;;;;0.0;0;
ah_1g;17.51;;;2780.0;707.0;;;420.0;0;33.0;0.0,600.0,0.21,564.0,0.33,351.0,1.0,315.0;;;;0.0;0;
ah_1g_iaf;17.51;;;2780.0;707.0;;;420.0;0;33.0;0.0,600.0,0.21,564.0,0.33,351.0,1.0,315.0;;;;0.0;0;
ah_1q_iaf;17.51;;;2780.0;707.0;;;420.0;0;33.0;0.0,600.0,0.21,564.0,0.33,351.0,1.0,315.0;;;;0.0;0;
ah_1s;17.51;;;2970.0;833.0;;;420.0;0;33.0;0.0,600.0,0.21,564.0,0.33,351.0,1.0,315.0;;;;0.0;0;
ah_1w;16.0;4.0;4.2;4898.0;879.0;460.0;0.8;420.0;0;33.0;0.0,600.0,0.21,564.0,0.33,351.0,1.0,315.0;-70000.0,130000.0;1;12500.0,20900.0,30000.0;0.0;0;28.6,-28.0,22.6,-21.0
ah_1z;16.0;4.0;4.2;5580.0;1216.0;460.0;0.8;420.0;0;33.0;0.0,600.0,0.21,564.0,0.33,351.0,1.0,315.0;-70000.0,130000.0;1;12500.0,20900.0,30000.0;0.0;0;28.6,-28.0,22.6,-21.0
ah_2_rooivalk;16.3;6.3;5.4;5910.0;1440.0;460.0;0.79;420.0;0;33.0;0.0,600.0,0.21,564.0,0.33,351.0,1.0,315.0;-80000.0,180000.0;1;12500.0,23000.0,29000.0;0.0;0;28.6,-28.0,29.6,-28.0
ah_56a;17.51;8.0;18.0;5880.0;1290.0;520.0;0.79;420.0;0;33.0;0.0,600.0,0.21,564.0,0.33,351.0,1.0,315.0;-300000.0,500000.0;1;3000.0,6600.0,10500.0;0.0;0;25.6,-28.0,22.6,-21.0
ah_60_iaf;16.0;5.8;3.0;5690.0;1110.0;460.0;0.79;420.0;0;33.0;0.0,600.0,0.21,564.0,0.33,351.0,1.0,315.0;-70000.0,130000.0;1;12500.0,20900.0,30000.0;0.0;0;28.6,-28.0,29.6,-28.0
ah_64a;16.0;;;5060.0;1100.0;340.0;;420.0;0;33.0;0.0,600.0,0.21,564.0,0.33,351.0,1.0,315.0;;1;12500.0,20900.0,30000.0;0.0;0;
ah_64a_iaf;16.0;;;5060.0;1100.0;340.0;;420.0;0;33.0;0.0,600.0,0.21,564.0,0.33,351.0,1.0,315.0;;1;12500.0,20900.0,30000.0;0.0;0;
ah_64d;16.0;4.9;4.8;5320.0;1100.0;460.0;0.79;420.0;0;33.0;0.0,600.0,0.21,564.0,0.33,351.0,1.0,315.0;-70000.0,130000.0;1;12500.0,20900.0,30000.0;0.0;0;28.6,-28.0,29.6,-28.0
ah_64d_i_saraph;16.0;4.9;4.8;5320.0;1100.0;460.0;0.79;420.0;0;33.0;0.0,600.0,0.21,564.0,0.33,351.0,1.0,315.0;-70000.0,130000.0;1;12500.0,20900.0,30000.0;0.0;0;28.6,-28.0,29.6,-28.0
ah_64d_japan;16.0;4.9;4.8;5320.0;1100.0;460.0;0.79;420.0;0;33.0;0.0,600.0,0.21,564.0,0.33,351.0,1.0,315.0;-70000.0,130000.0;1;12500.0,20900.0,30000.0;0.0;0;28.6,-28.0,29.6,-28.0
ah_64d_netherlands;16.0;4.9;4.8;5320.0;1100.0;460.0;0.79;420.0;0;33.0;0.0,600.0,0.21,564.0,0.33,351.0,1.0,315.0;-70000.0,130000.0;1;12500.0,20900.0,30000.0;0.0;0;28.6,-28.0,29.6,-28.0
ah_64e;16.0;4.9;4.8;5510.0;1100.0;460.0;0.79;420.0;0;33.0;0.0,600.0,0.21,564.0,0.33,351.0,1.0,315.0;-70000.0,130000.0;1;12500.0,20900.0,30000.0;0.0;0;28.6,-28.0,29.6,-28.0
ah_6m;17.5;4.0;0.6;790.0;180.0;300.0;0.6;320.0;0;33.0;0.0,1600.0,0.21,1564.0,0.33,1351.0,1.0,1315.0;-40000.0,83000.0;1;2000.0,6000.0,8200.0;0.0;0;28.6,-28.0,22.6,-21.0
ah_mk1;16.0;;;5460.0;1100.0;340.0;;420.0;0;33.0;0.0,600.0,0.21,564.0,0.33,351.0,1.0,315.0;;1;12500.0,20900.0,30000.0;0.0;0;
ahs;16.0;;;5060.0;1100.0;340.0;;420.0;0;33.0;0.0,600.0,0.21,564.0,0.33,351.0,1.0,315.0;;1;12500.0,20900.0,30000.0;0.0;0;
aichi_e13a;11.49;14.5;36.0;2297.0;1010.0;450.0;0.83;550.0;20.0;33.0;0.1,520.4,1.0,320.4;-127138.0,171757.0;1;100.0,2550.0,2650.0;0.0;0;17.0,-14.5,16.5,-13.0
alpha_jet_a;12.465;9.114;17.5;3720.0;2087.0;1127.0;1.05;390.0;0;33.0;0.2,580.0,1.0,390.0;-145000.0,305000.0;1;11960.0,22561.0,23700.0;0.0;0;21.0,-20.0,19.0,-21.0
alpha_jet_e;12.465;9.114;17.5;3725.0;2087.0;1127.0;1.05;390.0;0;33.0;0.2,580.0,1.0,390.0;-145000.0,305000.0;1;11960.0,22561.0,23700.0;0.0;0;21.0,-20.0,19.0,-21.0
alpha_jet_th_phase_1;12.465;9.114;17.5;3720.0;2087.0;1127.0;1.05;390.0;0;33.0;0.2,580.0,1.0,390.0;-145000.0,305000.0;1;11960.0,22561.0,23700.0;0.0;0;21.0,-20.0,19.0,-21.0
am-1_mauler;12.75;15.26;46.0852;6910.0;1388.0;805.0;0.8;700.0;20.0;33.0;0.2,420.0,0.33,350.0,1.0,300.0;-255476.0,510952.0;1;1200.0,2700.0,3060.0;92.0;0;18.5,-10.0,16.5,-18.5
amx_a_1a_brazil;13.23;8.87;23.0;6700.0;3685.0;1180.0;1.05;444.0;20.0;33.0;0.2,936.0,1.0,333.0;-285000.0,575000.0;1;5000.0,12900.0,15000.0;0.0;0;21.0,-20.0,21.5,-19.0
amx_italy;13.23;8.87;23.0;6700.0;3513.0;1180.0;1.05;444.0;20.0;33.0;0.2,936.0,1.0,333.0;-285000.0,575000.0;1;5000.0,12900.0,15000.0;0.0;0;21.0,-20.0,21.5,-19.0
ar_2;12.78;18.0;48.21;5270.0;950.0;650.0;0.75;350.0;20.0;33.0;0.1,320.0,1.0,280.0;-152055.0,273699.0;2;900.0,2700.0,2800.0;0.0;0;17.0,-12.0,15.0,-19.0
arado-196a-3;10.98;;;2631.0;288.0;500.0;;550.0;20.0;33.0;0.1,380.0,1.0,140.0;;1;500.0,2550.0,2950.0;0.0;0;
arado-234;12.65;;;3735.0;3000.0;;;400.0;20.0;33.0;0.1,550.0,1.0,350.0;;4;2700.0,8700.0,9000.0;0.0;0;
arado-234_hockey;12.65;;;3735.0;3000.0;;;400.0;20.0;33.0;0.1,550.0,1.0,350.0;;;;0.0;0;
arado-234c-3;12.65;;;6700.0;3100.0;;;400.0;20.0;33.0;0.1,550.0,1.0,350.0;;;;0.0;0;
arado_234b_2_mt;12.65;;;3735.0;3000.0;;;400.0;20.0;33.0;0.1,550.0,1.0,350.0;;4;2700.0,8700.0,9000.0;0.0;0;
ariete;9.6;7.5;14.73;2439.0;936.0;1125.0;1.21;450.0;20.0;33.0;0.1,520.4,1.0,320.4;-80500.0,198500.0;2;8000.0,14700.0,15500.0;0.0;0;21.0,-21.0,20.0,-17.0
attaker_fb1;11.58;11.277;20.88;4400.0;1038.0;985.0;0.84;351.0;20.0;33.0;0.1,1000.0,1.0,987.0;-170000.0,295000.0;1;5000.0,12500.0,16000.0;0.0;0;16.1,-14.0,14.5,-17.0
av_8a;14.3;7.7;18.6;5570.0;2335.0;1463.0;1.25;648.0;0;33.0;0.1,1111.0,0.32,926.0,1.0,556.0;-220000.0,560000.0;1;4900.0,7510.0,10000.0;223.0;0;23.0,-23.0,26.0,-21.0
av_8b_na;14.12;9.25;21.6;6260.0;3520.0;1137.0;1.1;648.0;0;33.0;0.2,973.0,0.32,833.0,1.0,556.0;-220000.0,560000.0;1;4900.0,7510.0,10000.0;227.0;0;25.0,-22.0,27.0,-21.0
av_8b_plus;14.12;9.25;21.6;6327.0;3520.0;1137.0;1.1;648.0;0;33.0;0.2,973.0,0.32,833.0,1.0,556.0;-220000.0,560000.0;1;4900.0,7510.0,10000.0;227.0;0;25.0,-22.0,27.0,-21.0
av_8c;14.3;7.7;18.6;5570.0;2335.0;1463.0;1.25;648.0;0;33.0;0.1,1111.0,0.32,926.0,1.0,556.0;-220000.0,560000.0;1;4900.0,7510.0,10000.0;223.0;0;23.0,-23.0,26.0,-21.0
av_8s;14.3;7.7;18.6;5570.0;2335.0;1463.0;1.25;648.0;0;33.0;0.1,1111.0,0.32,926.0,1.0,556.0;-220000.0,560000.0;1;4900.0,7510.0,10000.0;223.0;0;23.0,-23.0,26.0,-21.0
avenger_mk1;12.23;16.505;45.52;5272.0;906.0;612.0;0.63;397.0;0;33.0;0.1,485.0,1.0,285.0;-86700.0,199500.0;1;800.0,2600.0,3100.0;0.0;0;16.5,-11.0,17.0,-13.0
aw_159;16.0;4.5;3.2;3350.0;798.0;460.0;0.79;420.0;0;33.0;0.0,600.0,0.21,564.0,0.33,351.0,1.0,315.0;-70000.0,130000.0;1;4700.0,6850.0,8900.0;0.0;0;28.6,-28.0,22.6,-21.0
b-17e;22.496;31.632;131.918;15906.0;4714.0;516.0;0.63;290.0;20.0;33.0;0.1,400.0,1.0,249.0;-196037.0,305365.0;1;600.0,2500.0,2900.0;0.0;0;16.2,-14.0,14.3,-8.0
b-17e_late;22.496;31.632;131.918;15996.0;4714.0;516.0;0.63;290.0;20.0;33.0;0.1,400.0,1.0,249.0;-196037.0,305365.0;1;600.0,2500.0,2900.0;0.0;0;16.2,-14.0,14.3,-8.0
b-17g;22.781;31.632;131.918;16855.0;7576.0;516.0;0.63;290.0;20.0;33.0;0.1,400.0,1.0,249.0;-196037.0,305365.0;1;600.0,2501.0,3100.0;0.0;0;16.2,-14.0,14.3,-8.0
b-29;30.175;43.047;161.46;32867.0;17958.0;507.0;0.64;389.0;20.0;33.0;0.1,340.0,1.0,270.0;-532000.0,1064000.0;4;550.0,2801.0,3150.0;0.0;0;14.2,-12.0,13.0,-13.0
b-57;19.96;19.51;88.8;11200.0;6616.0;990.0;0.85;450.0;0;33.0;0.1,520.4,1.0,320.4;-309812.0,679812.0;2;5000.0,8300.0,9000.0;0.0;0;15.0,-13.35,12.0,-22.0
b-57b;19.96;19.51;88.8;13350.0;6640.0;990.0;0.85;450.0;0;33.0;0.1,520.4,1.0,320.4;-309812.0,729812.0;2;5000.0,8300.0,9000.0;0.0;0;15.0,-13.35,12.0,-22.0
b5n2;11.3;15.518;39.69;2148.0;788.0;555.0;0.5;450.0;20.0;33.0;0.1,420.4,1.0,280.4;-68000.0,180810.0;1;100.0,2550.0,3000.0;0.0;0;19.0,-14.0,16.0,-15.0
b6n1;10.865;14.894;32.8;3034.0;1155.0;650.0;0.7;310.0;20.0;33.0;0.1,380.0,1.0,280.4;-71540.0,229165.0;1;450.0,2600.0,2850.0;85.0;0;17.0,-14.0,16.0,-15.0
b6n2;10.865;;;3034.0;1155.0;650.0;;310.0;20.0;33.0;0.1,380.0,1.0,280.4;;1;450.0,2600.0,2850.0;85.0;0;
b6n2a;10.865;;;3034.0;1155.0;650.0;;310.0;20.0;33.0;0.1,380.0,1.0,280.4;;1;450.0,2600.0,2850.0;85.0;0;
b7a2;11.49;14.4;31.8;3936.76;1600.0;680.0;0.75;350.0;20.0;33.0;0.1,480.0,1.0,280.0;-430414.0,430414.0;1;450.0,2900.0,3200.0;0.0;0;16.7,-14.0,15.8,-13.8
b7a2_homare_23;11.49;14.4;31.8;3936.76;1600.0;680.0;0.75;350.0;20.0;33.0;0.1,480.0,1.0,280.0;-430414.0,430414.0;1;400.0,3000.0,3493.27;126.0;0;16.7,-14.0,15.8,-13.8
b_10b;13.63;21.5;63.0;4931.0;1214.8;564.0;0.65;235.0;20.0;33.0;0.1,340.0,1.0,235.0;-110000.0,220500.0;2;400.0,2200.0,2450.0;0.0;0;15.0,-13.0,14.5,-12.0
b_18a;17.63;;;7490.689;1663.54;;;350.0;20.0;33.0;0.1,340.0,1.0,280.0;;;;0.0;0;
b_239_finland;7.938;10.668;18.6;1762.0;430.0;761.0;0.75;280.0;20.0;33.0;0.1,460.0,0.5,320.0,1.0,240.0;-73575.0,165544.0;1;500.0,2200.0,2520.0;0.0;0;17.0,-12.0,14.0,-14.0
b_24d;20.4724;33.528;97.359;15569.0;7506.0;600.0;0.62;263.0;0;33.0;0.1,390.0,1.0,263.0;-246800.0,494500.0;4;600.0,2700.0,2950.0;0.0;0;11.0,-12.5,11.5,-13.0
b_25j_1;16.307;20.604;56.67;10205.0;2654.0;591.0;0.65;294.0;20.0;33.0;0.1,430.0,0.33,320.0,1.0,294.0;-177470.0,325660.0;2;600.0,2600.0,2880.0;0.0;0;14.25,-13.2,13.5,-15.0
b_25j_20;16.307;20.604;56.67;10205.0;2654.0;591.0;0.65;294.0;20.0;33.0;0.1,430.0,0.33,320.0,1.0,294.0;-177470.0,325660.0;2;600.0,2600.0,2880.0;0.0;0;14.25,-13.2,13.5,-15.0
b_26b_c;17.73;21.64;61.19;9687.0;2731.0;596.5;0.75;265.0;20.0;33.0;0.1,430.0,0.33,320.0,1.0,297.0;-177470.0,496125.0;2;600.0,2700.0,2880.0;0.0;0;14.0,-13.0,12.0,-10.0
b_34;16.9;19.96;51.0;8550.0;1548.0;633.0;0.66;235.0;20.0;33.0;0.1,340.0,1.0,235.0;-200000.0,360000.0;2;600.0,2700.0,3100.0;0.0;0;18.0,-13.0,17.0,-12.0
b_48_firecrest;11.976;13.7;32.58;5277.0;1003.0;750.0;0.76;360.0;20.0;33.0;0.2,430.0,1.0,272.0;-145000.0,345000.0;1;600.0,2701.0,3120.0;46.0;0;17.3,-10.0,15.8,-15.0
b_52h;48.0;56.0;366.0;78100.0;141600.0;910.0;0.95;450.0;20.0;50.0;0.1,482.0,1.0,352.0;-1400000.0,2800000.0;1;5000.0,8300.0,9000.0;0.0;0;18.0,-13.35,17.0,-22.0
b_66b;22.8;22.09;72.6;19510.0;13709.0;1098.0;0.99;463.0;20.0;33.0;0.1,518.0,1.0,370.0;-400000.0,750000.0;2;3000.0,6100.0,7500.0;0.0;0;18.0,-14.0,18.0,-22.0
ba_65_a80;9.889;12.0;23.3748;2038.0;508.0;590.0;0.65;400.0;20.0;33.0;0.1,520.0,1.0,250.0;-86745.0,181375.0;1;450.0,2200.0,2350.0;0.0;0;16.5,-12.0,16.0,-15.0
ba_65_k14_l;9.53;12.0;23.3748;2305.0;508.0;590.0;0.65;400.0;20.0;33.0;0.1,520.0,1.0,250.0;-86745.0,181375.0;1;600.0,2400.0,3000.0;0.0;0;16.5,-12.0,16.0,-15.0
bb-1;10.25;;;2971.0;560.0;530.0;;350.0;20.0;33.0;0.1,450.0,[0.3, 340.0],[1.0, 280.0];;1;450.0,2375.0,2800.0;0.0;0;
be_6;23.0;33.0;120.0;17600.0;7446.0;500.0;0.65;450.0;20.0;33.0;0.1,300.0,1.0,220.0;-411000.0,568400.0;2;550.0,2600.0,2800.0;0.0;0;17.5,-12.0,16.0,-19.0
beaufighter_mk1_40mm;12.7;17.63;46.7;7113.0;1972.46;676.0;0.75;242.0;20.0;33.0;0.1,440.0,0.33,242.0,1.0,216.0;-193672.0,364560.0;2;400.0,2800.0,3150.0;0.0;0;16.0,-14.0,18.0,-15.0
beaufighter_mk21;12.7;17.63;46.7;7250.0;1780.0;676.0;0.75;242.0;20.0;33.0;0.1,440.0,0.33,242.0,1.0,216.0;-193672.0,364560.0;2;400.0,2900.0,3150.0;0.0;0;16.0,-14.0,18.0,-15.0
beaufighter_mk6c;12.7;17.63;46.7;7113.0;1780.0;676.0;0.75;242.0;20.0;33.0;0.1,440.0,0.33,242.0,1.0,216.0;-193672.0,364560.0;2;400.0,2900.0,3150.0;0.0;0;16.0,-14.0,18.0,-15.0
beaufighter_mkx;12.7;17.63;46.7;7900.0;1780.0;676.0;0.75;242.0;20.0;33.0;0.1,440.0,0.33,242.0,1.0,216.0;-193672.0,364560.0;2;400.0,2900.0,3150.0;0.0;0;16.0,-14.0,18.0,-15.0
beaufort_mkviii;13.462;17.6275;47.195;6524.4;1865.0;523.0;0.62;242.0;20.0;33.0;0.1,440.0,1.0,216.0;-142500.0,345500.0;2;550.0,2700.0,3060.0;0.0;0;15.0,-14.2,14.4,-14.0
bf-109a_1;8.738;9.867;16.2;1900.0;177.0;790.0;0.82;280.0;20.0;33.0;0.1,400.0,0.5,350.0,1.0,250.0;-66000.0,123970.0;1;400.0,2700.0,2850.0;0.0;0;18.2,-14.0,15.1,-17.0
bf-109b_2;8.738;9.867;16.2;1646.0;177.0;790.0;0.82;280.0;20.0;33.0;0.1,400.0,0.5,350.0,1.0,250.0;-66000.0,123970.0;1;400.0,2700.0,2850.0;0.0;0;18.2,-14.0,15.1,-17.0
bf-109c_1;8.738;9.867;16.2;1851.0;177.0;790.0;0.82;280.0;20.0;33.0;0.1,400.0,0.5,350.0,1.0,250.0;-66000.0,123970.0;1;445.0,2700.0,2800.0;0.0;0;18.2,-14.0,15.1,-17.0
bf-109e-1;8.738;;;2150.0;303.0;;;320.0;20.0;33.0;0.1,500.0,1.0,300.0;;;;0.0;0;
bf-109e-4;8.738;;;2118.2;303.0;;;320.0;20.0;33.0;0.1,500.0,0.5,450.0,0.7,390.0,1.0,280.0;;;;0.0;0;
bf-109f-1;9.16;;;2287.0;300.0;;;360.0;20.0;33.0;0.1,460.0,1.0,260.0;;;;0.0;0;
bf-109f-4;9.16;;;2457.0;296.0;;;360.0;20.0;33.0;0.1,460.0,1.0,260.0;;;;0.0;0;
bf-109f-4_trop;9.16;;;2457.0;296.0;;;360.0;20.0;33.0;0.1,460.0,1.0,260.0;;;;0.0;0;
bf-109g-10;9.16;;;2720.0;296.0;;;360.0;20.0;33.0;0.1,460.0,1.0,260.0;;;;63.0;0;
bf-109g-14;9.16;;;2760.0;296.0;;;360.0;20.0;33.0;0.1,460.0,1.0,260.0;;;;63.0;0;
bf-109g-14as;9.16;;;2790.0;296.0;;;360.0;20.0;33.0;0.1,460.0,1.0,260.0;;;;63.0;0;
bf-109g-2;9.16;;;2570.0;296.0;;;360.0;20.0;33.0;0.1,460.0,1.0,260.0;;;;0.0;0;
bf-109g-2_romania;9.16;;;2570.0;296.0;;;360.0;20.0;33.0;0.1,460.0,1.0,260.0;;;;0.0;0;
bf-109g-6;9.16;;;2730.0;296.0;;;360.0;20.0;33.0;0.1,460.0,1.0,260.0;;;;63.0;0;
bf-109k-4;9.16;;;2840.0;296.0;;;360.0;20.0;33.0;0.1,460.0,1.0,260.0;;;;63.0;0;
bf-109z;9.048;;;5110.0;825.0;;;360.0;20.0;33.0;0.1,460.0,1.0,260.0;;;;0.0;0;
bf-110c-4;12.07;;;5191.0;953.0;;;320.0;20.0;33.0;0.1,490.0,1.0,290.0;;;;0.0;0;
bf-110c-6;12.65;;;5361.0;965.0;;;320.0;20.0;33.0;0.1,490.0,1.0,290.0;;;;0.0;0;
bf-110c-7;12.65;;;5232.0;965.0;715.0;;320.0;20.0;33.0;0.1,490.0,1.0,290.0;;2;400.0,2600.0,2950.0;0.0;0;
bf-110f-2;12.65;;;6227.27;965.0;745.0;;320.0;20.0;33.0;0.1,490.0,1.0,290.0;;2;400.0,2700.0,2950.0;0.0;0;
bf-110g-2;12.65;;;6466.0;965.0;745.0;;320.0;20.0;33.0;0.1,490.0,1.0,290.0;;2;500.0,2800.0,3150.0;0.0;0;
bf-110g-4;12.65;16.276;34.8;6663.0;965.0;745.0;0.85;320.0;20.0;33.0;0.1,490.0,1.0,290.0;-180000.0,459550.0;2;500.0,2800.0,3150.0;0.0;0;
bf2c_1;7.14;12.76;24.32;1623.0;310.0;600.0;0.7;280.0;0;33.0;0.1,320.0,0.5,240.0,1.0,190.0;-57494.0,114989.0;1;400.0,1960.0,2450.0;0.0;0;17.5,-12.0,17.0,-12.0
bf_109t_2;8.738;11.1;17.5;2316.0;303.0;790.0;0.82;320.0;20.0;33.0;0.1,500.0,0.5,450.0,0.7,390.0,1.0,280.0;-66000.0,148000.0;1;400.0,2600.0,2950.0;0.0;0;18.2,-14.0,15.1,-17.0
bi;6.4;;;834.0;705.0;770.0;;420.0;0;33.0;0.1,520.0,1.0,320.0;;1;100.0,1600.0,1800.0;0.0;0;
blenheim_mkiv;12.7;17.17;43.57;4631.0;1530.0;482.0;0.62;236.0;20.0;33.0;0.1,316.0,1.0,211.0;-142500.0,345500.0;2;600.0,2751.0,3120.0;0.0;0;15.0,-14.2,14.4,-14.0
bo_105cb2;16.0;;;1420.0;444.0;;;320.0;0;33.0;0.0,1600.0,0.21,1564.0,0.33,1351.0,1.0,1315.0;;;;0.0;0;
bo_105pah1;16.0;;;1420.0;444.0;;;320.0;0;33.0;0.0,1600.0,0.21,1564.0,0.33,1351.0,1.0,1315.0;;;;0.0;0;
bo_105pah1_a1;16.0;;;1420.0;444.0;;;320.0;0;33.0;0.0,1600.0,0.21,1564.0,0.33,1351.0,1.0,1315.0;;;;0.0;0;
boomerang_mki;8.17483;10.9728;20.9;2759.08;522.539;693.0;0.77;320.0;20.0;33.0;0.1,520.4,1.0,225.0;-151230.0,201640.0;1;400.0,2700.0,3060.0;0.0;0;18.0,-14.7,20.0,-14.5
boomerang_mkii;8.17483;10.9728;20.9;2759.08;522.539;693.0;0.77;320.0;20.0;33.0;0.1,520.4,1.0,225.0;-151230.0,201640.0;1;400.0,2700.0,3060.0;0.0;0;18.0,-14.7,20.0,-14.5
boston_mk_1;14.32;18.694;43.1813;5510.0;886.0;665.0;0.703;296.0;20.0;33.0;0.1,445.0,1.0,296.0;-131700.0,263400.0;2;550.0,2700.0,2800.0;0.0;0;16.0,-15.5,14.5,-13.0
br_20_dr;16.175;21.56;74.0;6835.0;1720.0;675.0;0.73;310.0;0;33.0;0.1,480.0,1.0,280.0;-173215.0,247450.0;2;450.0,2200.0,2350.0;0.0;0;18.0,-16.0,17.0,-15.0
br_693_ab2;9.69;15.36;29.1;3141.0;584.0;591.0;0.65;295.0;20.0;33.0;0.1,430.0,0.33,320.0,1.0,294.0;-123500.0,185500.0;2;500.0,3030.0,3100.0;0.0;0;15.5,-17.0,14.0,-16.0
breda_88;10.75;;;4889.0;1135.0;;;262.0;0;33.0;0.1,425.0,1.0,283.0;;;;0.0;0;
brigand_b1;14.15;22.05;66.6;11411.0;3462.0;680.0;0.75;342.0;0;33.0;0.1,450.0,1.0,270.0;-230000.0,611000.0;2;500.0,2700.0,3000.0;200.0;0;17.0,-14.5,16.0,-15.0
btd-1;11.765;;;6236.0;1307.0;885.0;;253.0;20.0;33.0;0.1,380.0,1.0,253.0;;1;600.0,2800.0,3000.0;0.0;0;
buccaneer_s1;16.95;;;12200.0;5550.0;1074.0;;416.0;20.0;33.0;0.2,518.0,0.33,463.0,1.0,370.0;;1;4200.0,9200.0,12000.0;0.0;0;
buccaneer_s2;16.95;;;14000.0;5769.0;1074.0;;416.0;20.0;33.0;0.2,518.0,0.33,463.0,1.0,370.0;;1;5000.0,12900.0,15000.0;0.0;0;
buccaneer_s2b;16.95;;;14320.0;8796.0;1074.0;;416.0;20.0;33.0;0.2,518.0,0.33,463.0,1.0,370.0;;1;5000.0,12900.0,15000.0;0.0;0;
bv-138c-1;19.9;26.936;111.996;12843.0;1849.8;405.0;0.75;450.0;20.0;33.0;0.1,300.0,1.0,185.0;-204033.0,354033.0;3;450.0,2800.0,3000.0;0.0;0;17.0,-13.5,16.0,-13.5
bv-155b-1;12.1;20.33;42.4;5440.0;370.0;730.0;0.82;360.0;20.0;33.0;0.1,460.0,1.0,260.0;-110000.0,290000.0;1;500.0,2700.0,2900.0;0.0;0;18.5,-14.0,17.5,-14.0
bv-238;43.35;60.0;360.0;54000.0;23140.0;546.0;0.65;250.0;20.0;33.0;0.1,420.0,1.0,250.0;-750000.0,1500000.0;6;450.0,2700.0,2900.0;0.0;0;15.0,-11.0,14.0,-14.0
c-47;19.647;28.813;91.7;7283.0;2332.5;700.0;0.73;310.0;0;33.0;0.1,520.4,1.0,320.4;-173215.0,247450.0;2;350.0,2400.0,2800.0;0.0;0;16.2,-14.0,15.1,-17.0
c_3604;10.25;13.74;28.7;3327.0;380.0;682.0;0.6065;320.0;31.0;63.0;0.1,470.0,1.0,270.0;-94544.0,189087.0;1;450.0,2600.0,2800.0;0.0;0;16.7,-13.0,16.0,-14.5
ca_27_mk_32;11.42;11.32;28.2;5410.0;2950.0;1170.0;1.2;350.0;20.0;33.0;0.1,620.4,1.0,350.4;-203792.0,390000.0;1;2750.0,7900.0,10000.0;0.0;0;17.1,-14.0,15.0,-17.0
canberra_bimk6;19.96;19.51;88.8;10300.0;6900.0;990.0;0.82;450.0;0;33.0;0.1,520.4,1.0,320.4;-409812.0,659812.0;2;5000.0,7800.0,8000.0;0.0;0;15.0,-13.35,11.0,-22.0
canberra_bmk2;19.96;19.51;88.8;10300.0;4800.0;990.0;0.82;450.0;0;33.0;0.1,520.4,1.0,320.4;-309812.0,649812.0;2;5000.0,7800.0,8000.0;0.0;0;15.0,-13.35,11.0,-22.0
caudron_cr714;8.632;8.97;12.4832;1579.0;157.0;735.0;0.78;240.0;20.0;33.0;0.1,350.0,0.5,280.0,1.0,240.0;-51502.0,103005.0;1;800.0,2500.0,2750.0;0.0;0;17.57,-17.7,16.0,-15.0
corsair_fmk2;10.26;12.13;28.6678;4437.0;975.0;885.0;0.82;730.0;20.0;33.0;0.2,470.0,0.33,278.0,1.0,245.0;-106792.0,300352.0;1;600.0,2700.0,3060.0;39.0;0;18.0,-12.0,15.8,-18.5
cr_32;7.453;;;1441.0;268.0;;;590.0;0;33.0;0.1,520.4,1.0,320.4;;1;600.0,2750.0,3200.0;0.0;0;
cr_32_bis;7.453;;;1551.0;268.0;;;590.0;0;33.0;0.1,520.4,1.0,320.4;;1;600.0,2890.0,3200.0;0.0;0;
cr_32_quater;7.453;;;1496.0;268.0;;;590.0;0;33.0;0.1,520.4,1.0,320.4;;1;600.0,2890.0,3200.0;0.0;0;
cw_21;8.077;10.67;14.8;1520.0;318.0;735.0;0.78;290.0;20.0;33.0;0.1,380.0,0.5,280.0,1.0,240.0;-46352.0,92705.0;1;500.0,2200.0,2520.0;0.0;0;17.0,-12.0,14.0,-14.0
d3a1;10.195;14.53;34.94;2421.0;599.9;600.0;0.65;650.0;20.0;33.0;0.1,480.0,1.0,280.0;-65578.0,196735.0;1;650.0,2550.0,2800.0;0.0;0;18.0,-16.0,16.2,-15.2
d4y1;10.244;;;2326.0;790.0;750.0;;350.0;20.0;33.0;0.1,480.0,1.0,280.0;;1;450.0,2500.0,3000.0;0.0;0;
d4y2;10.244;;;2635.0;975.0;750.0;;350.0;20.0;33.0;0.1,480.0,1.0,280.0;;1;400.0,2800.0,3000.0;0.0;0;
d4y3;10.22;11.5;21.98;2249.0;759.0;750.0;0.75;350.0;20.0;33.0;0.1,480.0,1.0,280.0;-175970.0,234628.0;1;400.0,2600.0,3000.0;120.0;0;17.1,-15.2,16.773,-12.094
d_371;7.44;;;1424.0;313.0;;;560.0;0;33.0;0.1,520.0,1.0,240.0;;;;0.0;0;
d_371_hs9;7.44;;;1480.0;313.0;560.0;;560.0;0;33.0;0.1,520.0,1.0,240.0;;1;600.0,2400.0,2520.0;0.0;0;
d_373;7.44;;;1719.0;313.0;;;630.0;0;33.0;0.1,520.0,1.0,240.0;;;;0.0;0;
d_500;7.718;12.092;16.5;1414.0;210.0;576.0;0.67;577.0;0;33.0;0.1,410.0,1.0,270.0;-68900.0,111500.0;1;450.0,2600.0,2780.0;0.0;0;17.2,-15.0,18.2,-15.0
d_501;7.718;12.092;16.5;1432.0;210.0;576.0;0.67;577.0;0;33.0;0.1,410.0,1.0,270.0;-68900.0,111500.0;1;450.0,2600.0,2780.0;0.0;0;17.2,-15.0,18.2,-15.0
d_510;7.718;12.092;16.5;1417.0;210.0;576.0;0.67;577.0;0;33.0;0.1,410.0,1.0,270.0;-68900.0,111500.0;1;450.0,2401.0,2590.0;0.0;0;17.2,-15.0,18.2,-15.0
d_520;8.6;10.2;15.97;2036.0;470.88;800.0;0.82;320.0;20.0;33.0;0.1,400.0,0.5,340.0,1.0,280.0;-110166.0,164150.0;1;450.0,2400.0,2850.0;0.0;0;18.0,-12.0,17.0,-19.0
d_520_france;8.6;10.2;15.97;2036.0;470.88;800.0;0.82;320.0;20.0;33.0;0.1,400.0,0.5,340.0,1.0,280.0;-110166.0,164150.0;1;450.0,2400.0,2850.0;0.0;0;18.0,-12.0,17.0,-19.0
d_521;8.6;10.2;15.97;2255.0;330.0;800.0;0.75;340.0;20.0;33.0;0.1,400.0,0.5,340.0,1.0,280.0;-110166.0,131173.0;1;400.0,3000.0,3100.0;0.0;0;16.5,-15.0,15.0,-13.0
db_3a;14.79;21.44;64.5;5565.0;2750.0;600.0;0.75;320.0;0;33.0;0.1,480.0,0.5,380.0,1.0,280.0;-134480.0,268961.0;2;450.0,2370.0,2600.0;0.0;0;18.0,-15.0,16.0,-18.0
db_3a_china;14.79;;;5565.0;2750.0;;;320.0;0;33.0;0.1,480.0,0.5,380.0,1.0,280.0;;;;0.0;0;
db_3b;14.79;21.44;64.5;5565.0;2750.0;600.0;0.75;320.0;0;33.0;0.1,480.0,0.5,380.0,1.0,280.0;-134480.0,268961.0;2;450.0,2370.0,2600.0;0.0;0;18.0,-15.0,16.0,-18.0
db_7;14.32;18.694;43.1813;5480.0;886.0;665.0;0.703;296.0;20.0;33.0;0.1,445.0,1.0,296.0;-131700.0,263400.0;2;550.0,2700.0,2800.0;0.0;0;16.0,-15.5,14.5,-13.0
db_lk;9.78;21.6;56.87;7394.0;1200.0;580.0;0.65;320.0;0;33.0;0.1,380.0,1.0,280.0;-254722.0,445763.0;2;450.0,2370.0,2600.0;0.0;0;18.1,-13.0,17.5,-14.5
dh_110;16.33;15.24;60.2;12660.0;4673.0;1185.0;1.1;407.0;0;33.0;0.2,648.0,0.33,407.0,1.0,324.0;-420000.0,780000.0;1;2750.0,8000.0,10000.0;0.0;0;
do_17e_1;16.25;;;5127.0;839.0;;;450.0;20.0;33.0;0.1,520.4,1.0,320.4;;;;0.0;0;
do_17z_2;15.8;;;6031.0;1155.0;;;350.0;20.0;33.0;0.1,500.0,0.6,400.0,1.0,300.0;;;;0.0;0;
do_17z_7;15.8;;;6190.0;1825.0;;;350.0;20.0;33.0;0.1,500.0,0.6,400.0,1.0,300.0;;;;0.0;0;
do_217e_2;18.2;19.0;56.6;10024.0;2072.0;700.0;0.65;300.0;0;33.0;0.1,380.0,1.0,270.0;-314050.0,414050.0;2;450.0,2700.0,3100.0;0.0;0;15.0,-12.0,14.5,-14.0
do_217e_4;18.2;19.0;56.6;10024.0;2072.0;700.0;0.65;300.0;0;33.0;0.1,380.0,1.0,270.0;-314050.0,414050.0;2;450.0,2700.0,3100.0;0.0;0;15.0,-12.0,14.5,-14.0
do_217j_1;18.2;19.0;56.6;10127.0;2072.0;700.0;0.65;350.0;0;33.0;0.1,420.0,1.0,270.0;-314050.0,414050.0;2;450.0,2700.0,3100.0;0.0;0;15.0,-12.0,14.5,-14.0
do_217j_2;18.2;19.0;56.6;10127.0;2072.0;700.0;0.65;300.0;0;33.0;0.1,380.0,1.0,270.0;-314050.0,414050.0;2;450.0,2700.0,3100.0;0.0;0;15.0,-12.0,14.5,-14.0
do_217k_1;18.2;19.0;56.6;10043.0;2072.0;700.0;0.65;300.0;0;33.0;0.1,380.0,1.0,270.0;-314050.0,414050.0;2;600.0,2700.0,3000.0;0.0;0;15.0,-12.0,14.5,-14.0
do_217m_1;18.2;19.0;56.6;10279.5;2072.0;700.0;0.65;300.0;0;33.0;0.1,380.0,1.0,270.0;-451250.0,551250.0;2;500.0,2700.0,3200.0;140.0;0;15.0,-12.0,14.5,-14.0
do_217n_1;18.2;;;10279.5;2072.0;;;300.0;0;33.0;0.1,380.0,1.0,270.0;;;;140.0;0;
do_217n_2;18.2;;;10279.5;2072.0;;;300.0;0;33.0;0.1,380.0,1.0,270.0;;;;140.0;0;
do_335a_0;13.85;;;7383.0;1860.0;900.0;;285.0;0;33.0;0.1,450.0,0.5,340.0,1.0,280.0;;2;500.0,2700.0,2900.0;0.0;0;
do_335a_1;13.85;;;7356.0;1500.0;900.0;;285.0;0;33.0;0.1,450.0,0.5,340.0,1.0,280.0;;2;500.0,2700.0,2900.0;0.0;0;
do_335b_2;13.85;;;8320.0;1150.0;900.0;;285.0;0;33.0;0.1,450.0,0.5,340.0,1.0,280.0;;2;500.0,2700.0,2900.0;150.0;0;
douglas_a_1h;11.6839;15.24;37.1612;6025.0;1036.0;797.0;0.78;680.0;20.0;33.0;0.1,378.0,1.0,252.0;-202026.0,418060.0;1;600.0,2901.0,3120.0;63.0;0;15.2,-14.6,14.0,-15.3
douglas_ad_2;11.6839;15.24;37.1612;5132.0;1036.0;797.0;0.77;680.0;0;33.0;0.1,378.0,1.0,252.0;-156026.0,364060.0;1;600.0,2901.0,3120.0;63.0;0;15.2,-14.6,14.0,-15.3
douglas_ad_4;11.6839;15.24;37.1612;5605.0;1036.0;797.0;0.77;680.0;20.0;33.0;0.1,378.0,1.0,252.0;-156026.0,364060.0;1;600.0,2901.0,3120.0;63.0;0;15.2,-14.6,14.0,-15.3
douglas_ad_4_france;11.6839;15.24;37.1612;5605.0;1036.0;797.0;0.77;680.0;20.0;33.0;0.1,378.0,1.0,252.0;-156026.0,364060.0;1;600.0,2901.0,3120.0;63.0;0;15.2,-14.6,14.0,-15.3
douglas_ad_4na_france;11.6839;15.24;37.1612;5605.0;1036.0;797.0;0.77;680.0;0;33.0;0.1,378.0,1.0,252.0;-156026.0,364060.0;1;600.0,2901.0,3120.0;63.0;0;15.2,-14.6,14.0,-15.3
dummy_plane;8.5;9.74;17.136;2410.0;438.0;682.5;0.78;320.0;0;33.0;0.1,410.4,0.5,350.0,1.0,280.0;-120000.0,160000.0;1;500.0,2700.0,2800.0;0.0;0;18.0,-13.0,16.8,-14.5
e7k2;10.5;14.33;43.6;2100.0;663.0;400.0;0.6;400.0;20.0;33.0;0.1,520.4,1.0,320.4;-97020.0,97020.0;1;450.0,2540.0,3000.0;0.0;0;18.0,-15.0,17.0,-15.0
e8n2;8.81;10.98;26.5;1381.0;300.0;500.0;0.63;550.0;20.0;33.0;0.1,520.4,1.0,320.4;-127138.0,101120.0;1;450.0,2300.0,2650.0;0.0;0;17.0,-14.5,16.5,-13.0
ef_2000_aesa;19.4;11.0;51.4;11220.0;7110.0;1607.0;2.46;700.0;0;90.0;0.2,1018.0,1.0,481.0;-430000.0,810000.0;1;8500.0,13100.0,15500.0;0.0;0;37.0,-32.0,36.0,-31.0
ef_2000_block_10;19.4;11.0;51.4;11220.0;7110.0;1607.0;2.46;700.0;0;90.0;0.2,1018.0,1.0,481.0;-430000.0,810000.0;1;8500.0,13100.0,15500.0;0.0;0;37.0,-32.0,36.0,-31.0
ef_2000_typhoon_aesa;19.4;11.0;51.4;11220.0;7110.0;1607.0;2.46;700.0;0;90.0;0.2,1018.0,1.0,481.0;-430000.0,810000.0;1;8500.0,13100.0,15500.0;0.0;0;37.0,-32.0,36.0,-31.0
ef_2000a_aesa;19.4;11.0;51.4;11220.0;7110.0;1607.0;2.46;700.0;0;90.0;0.2,1018.0,1.0,481.0;-430000.0,810000.0;1;8500.0,13100.0,15500.0;0.0;0;37.0,-32.0,36.0,-31.0
er-2_ach30b_early;16.58;23.08;79.1;9053.0;3940.0;551.0;0.67;300.0;20.0;33.0;0.1,470.0,1.0,270.0;-148000.0,222000.0;1;500.0,2000.0,2200.0;0.0;0;13.5,-10.0,12.5,-10.0
er-2_m105_mv3;16.4;21.686;73.156;7236.0;3500.0;556.0;0.68;300.0;20.0;33.0;0.1,470.0,1.0,270.0;-148000.0,222000.0;1;450.0,2700.0,2850.0;0.0;0;13.5,-10.0,12.5,-10.0
er-2_m105_tat;16.4;21.686;73.156;7236.0;3500.0;556.0;0.68;300.0;20.0;33.0;0.1,470.0,1.0,270.0;-148000.0,222000.0;1;450.0,2700.0,2850.0;0.0;0;13.5,-10.0,12.5,-10.0
er-2_m105r_lu2b;16.4;21.686;73.156;7236.0;3500.0;556.0;0.68;300.0;20.0;33.0;0.1,470.0,1.0,270.0;-148000.0,222000.0;1;450.0,2700.0,2850.0;0.0;0;13.5,-10.0,12.5,-10.0
er-2_m105r_tat;16.4;21.686;73.156;7236.0;3500.0;556.0;0.68;300.0;20.0;33.0;0.1,470.0,1.0,270.0;-148000.0,222000.0;1;450.0,2700.0,2850.0;0.0;0;13.5,-10.0,12.5,-10.0
etendard_4m;14.35;9.6;28.38;6460.0;2618.0;1263.0;1.35;426.0;20.0;90.0;0.2,1300.0,0.9,389.0,1.0,389.0;-190000.0,480000.0;1;2750.0,8400.0,10000.0;0.0;0;22.0,-17.0,22.0,-17.0
f-100a_china;13.533;;;9039.0;2193.5;;;447.0;0;33.0;0.2,620.4,1.0,435.0;;1;5400.0,9810.0,10400.0;0.0;0;
f-4c;17.0;;;13190.0;7714.0;;;463.0;0;33.0;0.1,625.0,1.0,463.0;;1;3000.0,7650.0,10000.0;0.0;0;
f-4e;17.0;;;13990.0;7714.0;;;463.0;20.0;33.0;0.2,1500.0,0.33,625.0,1.0,463.0;;1;3000.0,7650.0,10000.0;0.0;0;
f-4e_iaf;17.0;;;13990.0;7714.0;;;463.0;20.0;33.0;0.2,1500.0,0.33,625.0,1.0,463.0;;1;3000.0,7650.0,10000.0;0.0;0;
f-4ej;17.0;;;13750.0;7714.0;;;463.0;0;33.0;0.1,625.0,1.0,463.0;;1;3000.0,7650.0,10000.0;0.0;0;
f-4ej_kai;17.0;;;13750.0;7714.0;;;463.0;0;33.0;0.1,625.0,1.0,463.0;;1;3000.0,7650.0,10000.0;0.0;0;
f-4f;17.0;;;14160.0;7171.0;;;463.0;20.0;33.0;0.2,1500.0,0.33,625.0,1.0,463.0;;1;3000.0,7650.0,10000.0;0.0;0;
f-4f_kws_lv;17.0;;;14160.0;7171.0;;;463.0;20.0;33.0;0.2,1500.0,0.33,625.0,1.0,463.0;;1;3000.0,7650.0,10000.0;0.0;0;
f-4j;17.0;;;13990.0;7740.0;;;463.0;20.0;33.0;0.2,1625.0,0.3,625.0,1.0,463.0;;1;3000.0,7650.0,10000.0;0.0;0;
f-4jk;17.0;;;13990.0;7740.0;;;463.0;20.0;33.0;0.2,1625.0,0.3,625.0,1.0,463.0;;1;3000.0,7650.0,10000.0;0.0;0;
f-4k;17.0;;;13490.0;7690.0;;;463.0;0;33.0;0.1,625.0,1.0,463.0;;1;5000.0,12500.0,15000.0;0.0;0;
f-4m_fgr2;17.0;;;13430.0;7690.0;;;463.0;0;33.0;0.1,625.0,1.0,463.0;;1;5000.0,12500.0,15000.0;0.0;0;
f-4s;17.0;;;13990.0;7714.0;;;463.0;20.0;33.0;0.2,1625.0,0.3,625.0,1.0,463.0;;1;3000.0,7650.0,10000.0;0.0;0;
f-5e_switzerland;14.68;8.14;17.28;4830.0;4524.0;1458.0;1.75;482.0;20.0;99.0;0.2,1203.0,1.0,463.0;-180000.0,390000.0;1;5500.0,16500.0,17500.0;0.0;0;22.0,-20.0,20.0,-19.0
f-80;10.49;;;4160.0;1275.0;;;380.0;20.0;33.0;0.1,560.0,1.0,360.0;;;;227.0;0;
f-80a;10.49;;;3980.0;1275.0;;;380.0;20.0;33.0;0.1,560.0,1.0,360.0;;;;0.0;0;
f-82e;11.8872;15.621;37.944;7270.0;1691.17;854.0;0.82;314.0;20.0;33.0;0.2,651.0,0.4,450.0,0.6,370.0,0.8,297.0,1.0,265.0;-503965.0,503965.0;2;600.0,3200.0,3300.0;90.0;0;18.5,-15.0,14.0,-16.0
f-84b;11.3;11.2;24.2;4810.0;1303.0;1044.75;0.87;320.0;20.0;33.0;0.1,550.0,1.0,350.0;-175000.0,340000.0;1;2000.0,7700.0,8000.0;0.0;0;15.0,-14.0,14.5,-11.0
f-84f;13.23;;;6545.0;1700.0;1300.0;;417.0;20.0;33.0;0.1,550.0,1.0,417.0;;1;3000.0,8300.0,9000.0;0.0;0;
f-84g;11.3;11.2;24.2;5450.0;1303.0;1044.75;0.87;320.0;20.0;33.0;0.1,550.0,1.0,350.0;-175000.0,370000.0;1;2000.0,8000.0,8500.0;0.0;0;15.0,-14.0,14.5,-11.0
f-84g_france;11.3;;;5450.0;1303.0;;;320.0;20.0;33.0;0.1,550.0,1.0,350.0;;;;0.0;0;
f-86_canadair_german;11.42;11.97;28.2;5330.0;1284.3;1170.0;1.2;350.0;20.0;33.0;0.1,620.4,1.0,350.4;-203792.0,390000.0;1;3000.0,7800.0,10000.0;0.0;0;17.1,-14.0,15.0,-17.0
f-86_cl_13b_mk6;11.42;11.32;28.2;5178.0;1284.3;1170.0;1.2;350.0;20.0;33.0;0.1,620.4,1.0,350.4;-203792.0,390000.0;1;3000.0,7800.0,10000.0;0.0;0;17.1,-14.0,15.0,-17.0
f-86a-5;11.42;11.97;26.76;4900.0;1284.3;1118.0;1.1;350.0;20.0;33.0;0.1,620.4,1.0,350.4;-203792.0,353792.0;1;3000.0,7950.0,10000.0;0.0;0;17.8,-14.0,16.5,-17.0
f-86e;11.42;11.97;26.76;4940.0;1284.3;1118.0;1.1;350.0;20.0;33.0;0.1,620.4,1.0,350.4;-203792.0,353792.0;1;3000.0,7950.0,10000.0;0.0;0;17.8,-14.0,16.5,-17.0
f-86f-2;11.42;11.97;28.2;5570.0;1284.3;1170.0;1.2;350.0;20.0;33.0;0.1,620.4,1.0,350.0;-203792.0,390000.0;1;3000.0,7950.0,9000.0;0.0;0;17.1,-14.0,15.0,-17.0
f-86f-25;11.42;11.97;28.2;5430.0;1284.3;1170.0;1.2;350.0;20.0;33.0;0.1,620.4,1.0,350.0;-203792.0,390000.0;1;3000.0,7950.0,9000.0;0.0;0;17.1,-14.0,15.0,-17.0
f-86f-40_japan;11.42;11.97;29.2;5490.0;1284.3;1170.0;1.2;350.0;20.0;33.0;0.1,620.4,1.0,350.0;-203792.0,390000.0;1;3000.0,7950.0,9000.0;0.0;0;18.9,-14.0,16.0,-17.0
f-86k;12.49;11.917;28.2;6430.0;1806.0;1187.0;1.25;350.0;20.0;33.0;0.1,620.4,1.0,370.0;-125000.0,345000.0;1;3000.0,7950.0,9000.0;0.0;0;17.9,-14.0,16.0,-17.0
f-89b;16.3068;;;11780.0;4597.0;;;379.0;20.0;33.0;0.2,554.4,0.33,447.5,1.0,379.0;;1;3200.0,7910.0,8140.0;0.0;0;
f-89d;16.4084;;;12509.0;5378.0;;;379.0;20.0;33.0;0.2,554.4,0.33,447.5,1.0,379.0;;1;4000.0,8010.0,8240.0;0.0;0;
f-8e;16.52;10.8204;34.84;8849.0;4156.0;1555.0;2.1;428.0;20.0;33.0;0.1,1170.0,0.2,1070.0,0.3,730.0,1.0,583.0;-312200.0,666086.0;1;3650.0,6400.0,6520.0;0.0;0;23.5,-22.5,17.0,-20.0
f-8e_fn;16.52;10.8204;34.84;8980.0;4156.0;1555.0;2.1;428.0;20.0;33.0;0.1,1170.0,0.2,1070.0,0.3,730.0,1.0,583.0;-312200.0,666086.0;1;3650.0,6400.0,6520.0;0.0;0;23.5,-22.5,16.0,-20.5
f1;16.55;7.88;21.18;6540.0;2982.0;1365.0;1.85;485.0;0;33.0;0.2,735.0,0.33,556.0,1.0,450.0;-213500.0,510500.0;1;5200.0,13600.0,14100.0;0.0;0;32.0,-24.0,29.5,-22.0
f11f_1_late;13.49;;;6520.0;3016.0;1389.0;;447.0;0;33.0;0.2,720.0,1.0,500.0;;1;3600.0,8300.0,8800.0;0.0;0;
f13t_2s;8.5;9.5;17.0;1200.0;300.0;1000.0;1.0;320.0;0;33.0;0.1,410.4,0.5,350.0,1.0,280.0;-120000.0,160000.0;2;400.0,2500.0,3197.99;0.0;0;
f1m2;9.5;11.0;28.6;1962.7;350.0;550.0;0.45;450.0;20.0;33.0;0.1,370.0,1.0,240.0;-69335.0,124800.0;1;400.0,2600.0,2900.0;0.0;0;16.5,-12.9,16.0,-15.0
f2a-1;7.833;;;2080.0;430.0;;;720.0;20.0;33.0;0.1,460.0,1.0,260.0;;;;0.0;0;
f2a-3;7.833;10.67;19.4074;2680.0;430.0;761.0;0.8;720.0;20.0;33.0;0.1,460.0,1.0,260.0;-70119.0,190119.0;1;400.0,2500.0,2600.0;0.0;0;17.5,-16.3,17.5,-14.0
f2g-1;10.31;;;4981.0;836.0;885.0;;720.0;20.0;60.0;0.2,382.0,0.33,324.0,1.0,248.0;;1;1200.0,2700.0,3060.0;0.0;0;
f2h-2;12.4;;;5620.0;3475.0;;;342.0;20.0;33.0;0.1,525.0,1.0,325.0;;;;0.0;0;
f3d_1;13.84;;;7290.0;3674.0;;;314.0;20.0;33.0;0.1,460.0,1.0,314.0;;;;0.0;0;
f3f-2;7.09;;;1595.0;366.0;810.0;;320.0;0;33.0;0.1,420.4,1.0,420.4;;1;500.0,2200.0,2520.0;0.0;0;
f3h-2;17.95;;;9840.0;4440.0;1296.0;;463.0;20.0;33.0;0.2,1500.0,0.25,833.0,1.0,370.0;;1;3000.0,6100.0,7500.0;0.0;0;
f4d-1;13.9;10.2;48.0;7130.0;1887.0;1283.0;1.55;407.0;20.0;33.0;0.1,2550.0,1.0,2320.0;-150000.0,380000.0;1;3600.0,6050.0,6520.0;0.0;0;24.0,-21.0,28.0,-22.0
f4f-3;8.8138;11.582;24.15;2875.0;381.5;826.0;0.75;320.0;0;33.0;0.1,420.0,1.0,420.4;-80000.0,222969.0;1;400.0,2700.0,2950.0;0.0;0;17.0,-12.5,16.0,-15.0
f4f-4;8.8138;11.582;24.15;3020.5;381.5;826.0;0.75;320.0;0;33.0;0.1,420.0,1.0,420.4;-80000.0,222969.0;1;400.0,2700.0,2950.0;0.0;0;17.0,-12.5,16.0,-15.0
f4f-4_martlet_mk4;8.712;11.582;24.15;3020.5;381.5;826.0;0.7;320.0;0;33.0;0.1,420.0,1.0,420.4;-80000.0,222969.0;1;400.0,2500.0,2850.0;0.0;0;17.0,-12.5,16.0,-15.0
f4u-1a;10.26;12.49;29.172;4538.0;975.0;885.0;0.82;730.0;20.0;33.0;0.2,388.0,0.33,330.0,1.0,253.0;-106792.0,300352.0;1;600.0,2700.0,3060.0;39.0;0;18.0,-12.0,15.8,-18.5
f4u-1a_usmc;10.26;12.49;29.172;4506.0;975.0;885.0;0.82;730.0;20.0;33.0;0.2,388.0,0.33,330.0,1.0,253.0;-106792.0,300352.0;1;600.0,2700.0,3060.0;39.0;0;18.0,-12.0,15.8,-18.5
f4u-1c;10.26;12.49;29.172;4696.0;645.0;885.0;0.82;730.0;20.0;33.0;0.2,388.0,0.33,330.0,1.0,253.0;-106792.0,300352.0;1;600.0,2700.0,3060.0;39.0;0;18.0,-12.0,15.8,-18.5
f4u-1d;10.26;12.49;29.172;4580.0;645.0;885.0;0.82;730.0;20.0;33.0;0.2,388.0,0.33,330.0,1.0,253.0;-106792.0,300352.0;1;600.0,2700.0,3060.0;39.0;0;18.0,-12.0,15.8,-18.5
f4u-4;10.33;12.49;29.172;4697.0;636.0;885.0;0.82;730.0;20.0;60.0;0.2,388.0,0.33,330.0,1.0,253.0;-106792.0,300352.0;1;600.0,2800.0,3120.0;45.0;0;18.0,-12.0,16.5,-18.5
f4u-4b;10.33;12.49;29.172;4785.0;636.0;885.0;0.82;730.0;20.0;60.0;0.2,388.0,0.33,330.0,1.0,253.0;-106792.0,300352.0;1;600.0,2800.0,3120.0;45.0;0;18.0,-12.0,16.5,-18.5
f4u-6_au-1;10.52;12.49;29.172;4993.0;636.0;885.0;0.82;730.0;20.0;60.0;0.2,388.0,0.33,330.0,1.0,253.0;-106792.0,300352.0;1;600.0,2800.0,3120.0;45.0;0;18.0,-12.0,16.5,-18.5
f4u-7;10.52;12.49;29.172;4961.0;636.0;885.0;0.82;730.0;20.0;60.0;0.2,388.0,0.33,330.0,1.0,253.0;-106792.0,300352.0;1;600.0,2800.0,3120.0;45.0;0;18.0,-12.0,16.5,-18.5
f6f-3;10.312;13.056;31.029;4648.0;681.301;855.0;0.81;375.0;20.0;33.0;0.1,510.0,1.0,310.0;-132050.0,330100.0;1;600.0,2701.0,3060.0;54.0;0;15.8,-12.0,15.3,-13.0
f6f-5;10.312;13.056;31.029;4648.0;681.301;855.0;0.81;375.0;20.0;33.0;0.1,510.0,1.0,310.0;-132050.0,330100.0;1;600.0,2701.0,3060.0;54.0;0;15.8,-12.0,15.3,-13.0
f6f-5_france;10.312;13.056;31.029;4648.0;681.301;855.0;0.81;375.0;20.0;33.0;0.1,510.0,1.0,310.0;-132050.0,330100.0;1;600.0,2701.0,3060.0;54.0;0;15.8,-12.0,15.3,-13.0
f6f-5n;10.312;13.056;30.9217;4780.0;681.301;855.0;0.81;375.0;20.0;33.0;0.1,510.0,1.0,310.0;-132050.0,330100.0;1;600.0,2701.0,3060.0;54.0;0;15.8,-12.0,15.3,-13.0
f6f-5n_france;10.312;13.056;30.9217;4780.0;681.301;855.0;0.81;375.0;20.0;33.0;0.1,510.0,1.0,310.0;-132050.0,330100.0;1;600.0,2701.0,3060.0;54.0;0;15.8,-12.0,15.3,-13.0
f7f1;13.6271;;;8106.0;1143.0;;;463.0;20.0;33.0;0.1,477.8,1.0,277.8;;;;121.0;0;
f7f3;13.6271;;;8266.0;1236.0;;;463.0;20.0;33.0;0.1,477.8,1.0,277.8;;;;121.0;0;
f8f1;8.382;10.82;24.668;3640.0;505.0;827.0;0.85;340.0;20.0;33.0;0.1,640.0,1.0,427.0;-113076.0,220000.0;1;600.0,2801.0,3100.0;54.5;0;16.1,-14.0,12.2,-18.5
f8f1b;8.382;10.82;24.668;3735.0;504.2;827.0;0.85;340.0;20.0;33.0;0.1,640.0,1.0,427.0;-113076.0,220000.0;1;600.0,2801.0,3100.0;54.5;0;16.1,-14.0,12.2,-18.5
f8f1b_france;8.382;10.82;24.668;3735.0;504.2;827.0;0.85;340.0;20.0;33.0;0.1,640.0,1.0,427.0;-113076.0,220000.0;1;600.0,2801.0,3100.0;54.5;0;16.1,-14.0,12.2,-18.5
f8u-2;16.52;10.8204;34.84;8235.0;3926.0;1555.0;2.1;428.0;20.0;33.0;0.1,1170.0,0.2,1070.0,0.3,730.0,1.0,583.0;-291000.0,580500.0;1;3650.0,6400.0,6520.0;0.0;0;23.5,-22.5,17.0,-20.0
f9f-2;11.46;;;4650.0;2723.0;;;400.0;20.0;33.0;0.1,607.0,1.0,310.0;;;;85.0;0;
f9f-5;11.46;;;5040.0;2957.0;;;410.0;20.0;33.0;0.1,607.0,1.0,380.0;;;;85.0;0;
f9f-8;12.73;;;5900.0;3018.0;;;410.0;0;33.0;0.1,620.0,1.0,410.0;;;;0.0;0;
f_100d;13.533;;;9551.0;3501.0;;;447.0;20.0;33.0;0.2,620.4,1.0,435.0;;1;5400.0,9810.0,10400.0;0.0;0;
f_100f;15.8;;;10650.0;3501.0;;;447.0;20.0;33.0;0.2,620.4,1.0,435.0;;1;5400.0,9810.0,10400.0;0.0;0;
f_101c;20.54;12.1;36.14;12309.0;6630.0;1540.0;1.8;463.0;0;33.0;0.2,620.4,1.0,555.0;-320000.0,900000.0;1;5400.0,9920.0,10400.0;0.0;0;23.0,-20.0,21.0,-17.0
f_102a_greece;14.77;11.67;64.8;8860.0;4483.0;1274.0;1.6;453.0;0;33.0;0.2,1300.0,0.33,389.0,1.0,389.0;-320000.0,650000.0;1;5400.0,9810.0,10400.0;0.0;0;25.0,-22.0,25.0,-22.0
f_102a_late;14.77;11.67;64.8;8860.0;4483.0;1274.0;1.6;453.0;0;33.0;0.2,1300.0,0.33,389.0,1.0,389.0;-320000.0,650000.0;1;5400.0,9810.0,10400.0;0.0;0;25.0,-22.0,25.0,-22.0
f_104a;16.7;6.69;17.28;5987.0;2677.0;1555.0;2.3;546.0;0;33.0;0.2,2350.0,0.32,833.0,1.0,444.0;-180000.0,370000.0;1;4900.0,7510.0,10000.0;0.0;0;16.0,-15.0,20.0,-19.0
f_104c;16.7;6.69;17.28;6110.0;2639.0;1555.0;2.3;546.0;0;33.0;0.2,2350.0,0.32,833.0,1.0,444.0;-200000.0,390000.0;1;4900.0,7510.0,10000.0;0.0;0;16.0,-15.0,20.0,-19.0
f_104g;16.7;6.69;17.28;6427.0;2642.0;1555.0;2.3;546.0;0;33.0;0.2,2350.0,0.32,833.0,1.0,444.0;-200000.0,420000.0;1;4900.0,7510.0,10000.0;0.0;0;16.0,-15.0,20.0,-19.0
f_104g_italy;16.7;6.69;17.28;6427.0;2642.0;1555.0;2.3;546.0;0;33.0;0.2,2350.0,0.32,833.0,1.0,444.0;-200000.0,420000.0;1;4900.0,7510.0,10000.0;0.0;0;16.0,-15.0,20.0,-19.0
f_104j;16.7;6.69;17.28;6357.0;2642.0;1555.0;2.3;546.0;0;33.0;0.2,2350.0,0.32,833.0,1.0,444.0;-200000.0,390000.0;1;4900.0,7510.0,10000.0;0.0;0;16.0,-15.0,20.0,-19.0
f_104s;16.7;6.69;17.28;6725.0;2948.0;1555.0;2.3;546.0;0;33.0;0.2,2350.0,0.32,833.0,1.0,444.0;-220000.0,450000.0;1;4900.0,7650.0,10000.0;0.0;0;16.0,-15.0,20.0,-19.0
f_104s_asa;16.7;6.69;17.28;6725.0;2948.0;1555.0;2.3;546.0;0;33.0;0.2,2350.0,0.32,833.0,1.0,444.0;-220000.0,450000.0;1;4900.0,7650.0,10000.0;0.0;0;16.0,-15.0,20.0,-19.0
f_104s_cb;16.7;6.69;17.28;6725.0;2948.0;1555.0;2.3;546.0;0;33.0;0.2,2350.0,0.32,833.0,1.0,444.0;-220000.0,450000.0;1;4900.0,7650.0,10000.0;0.0;0;16.0,-15.0,20.0,-19.0
f_105d;19.6;10.63;36.0;12550.0;3420.0;1575.0;2.3;546.0;20.0;33.0;0.2,2350.0,0.32,833.0,1.0,490.0;-370000.0,900000.0;1;4900.0,8940.0,10000.0;0.0;0;25.0,-20.0,24.0,-20.0
f_106a_1972;14.77;11.67;64.8;11030.0;5801.0;1460.0;2.1;426.0;0;33.0;0.2,1300.0,0.33,389.0,1.0,389.0;-340000.0,830000.0;1;4900.0,8940.0,10000.0;0.0;0;29.0,-22.0,29.0,-22.0
f_111a;22.2;;;20900.0;18528.0;1467.0;;611.0;20.0;60.0;0.2,800.0,0.33,611.0,1.0,555.0;;1;6500.0,14200.0,15500.0;0.0;0;
f_111c;22.2;;;21500.0;22228.0;1467.0;;611.0;20.0;60.0;0.2,800.0,0.33,611.0,1.0,555.0;;1;6500.0,14200.0,15500.0;0.0;0;
f_111f;22.2;;;21863.0;22228.0;1467.0;;611.0;20.0;60.0;0.2,800.0,0.33,611.0,1.0,555.0;;1;6500.0,14200.0,15500.0;0.0;0;
f_117;19.4;13.2;75.0;13270.0;8255.0;1021.0;0.96;555.0;0;90.0;0.2,1018.0,1.0,481.0;-300000.0,600000.0;1;8500.0,13350.0,15000.0;0.0;0;29.0,-20.0,29.0,-20.0
f_14a_early;16.7;;;18350.0;9076.0;1400.0;;518.0;20.0;40.0;0.2,1200.0,0.33,926.0,1.0,416.0;;1;6500.0,14800.0,15500.0;0.0;0;
f_14a_iriaf;16.7;;;18350.0;9076.0;1400.0;;518.0;20.0;40.0;0.2,1200.0,0.33,926.0,1.0,416.0;;1;6500.0,14800.0,15500.0;0.0;0;
f_14b;16.7;;;19400.0;9076.0;1400.0;;518.0;20.0;40.0;0.2,1200.0,0.33,926.0,1.0,416.0;;1;6500.0,14675.0,15500.0;0.0;0;
f_14d;16.7;;;19400.0;9076.0;1400.0;;518.0;20.0;40.0;0.2,1200.0,0.33,926.0,1.0,416.0;;1;6500.0,14675.0,15500.0;0.0;0;
f_15a;19.4;13.06;56.46;12380.0;10590.0;1629.0;2.4;700.0;0;90.0;0.2,1018.0,1.0,481.0;-390000.0,1120000.0;1;8500.0,12960.0,15500.0;0.0;0;30.0,-20.0,29.0,-22.0
f_15c_baz_msip;19.4;13.06;56.46;13470.0;15795.0;1629.0;2.4;700.0;0;90.0;0.2,1018.0,1.0,481.0;-400000.0,1190000.0;1;8500.0,12960.0,15500.0;0.0;0;30.0,-20.0,29.0,-22.0
f_15c_golden_eagle;19.4;13.06;56.46;13470.0;15795.0;1629.0;2.4;700.0;0;90.0;0.2,1018.0,1.0,481.0;-400000.0,1190000.0;1;8500.0,12960.0,15500.0;0.0;0;30.0,-20.0,29.0,-22.0
f_15c_msip2;19.4;13.06;56.46;13470.0;15795.0;1629.0;2.4;700.0;0;90.0;0.2,1018.0,1.0,481.0;-400000.0,1190000.0;1;8500.0,12960.0,15500.0;0.0;0;30.0,-20.0,29.0,-22.0
f_15e;19.4;13.06;56.46;15120.0;15795.0;1629.0;2.55;700.0;0;90.0;0.2,1018.0,1.0,481.0;-400000.0,1190000.0;1;9900.0,14000.0,14200.0;0.0;0;30.0,-20.0,29.0,-22.0
f_15i_raam;19.4;13.06;56.46;15260.0;15795.0;1629.0;2.55;700.0;0;90.0;0.2,1018.0,1.0,481.0;-400000.0,1190000.0;1;9900.0,14000.0,14200.0;0.0;0;30.0,-20.0,29.0,-22.0
f_15j;19.4;13.06;56.46;12820.0;11478.0;1629.0;2.4;700.0;0;90.0;0.2,1018.0,1.0,481.0;-390000.0,1120000.0;1;8500.0,12960.0,15500.0;0.0;0;30.0,-20.0,29.0,-22.0
f_15j_kai;19.4;13.06;56.46;13030.0;11479.0;1629.0;2.4;700.0;0;90.0;0.2,1018.0,1.0,481.0;-400000.0,1190000.0;1;8500.0,12960.0,15500.0;0.0;0;30.0,-20.0,29.0,-22.0
f_16a_block_10;15.1;9.44;27.9;7570.0;6398.0;1555.0;2.2;482.0;0;99.0;0.2,1018.0,1.0,463.0;-370000.0,740000.0;1;8500.0,13100.0,15500.0;0.0;0;29.0,-20.0,29.0,-20.0
f_16a_block_10_mod;15.1;9.44;27.9;7600.0;6398.0;1555.0;2.2;482.0;0;99.0;0.2,1018.0,1.0,463.0;-370000.0,740000.0;1;8500.0,13100.0,15500.0;0.0;0;29.0,-20.0,29.0,-20.0
f_16a_block_10_norway;15.1;9.44;27.9;7570.0;6398.0;1555.0;2.2;482.0;0;99.0;0.2,1018.0,1.0,463.0;-370000.0,740000.0;1;8500.0,13100.0,15500.0;0.0;0;29.0,-20.0,29.0,-20.0
f_16a_block_15_adf;15.1;9.44;27.9;7850.0;6398.0;1555.0;2.2;482.0;0;99.0;0.2,1018.0,1.0,463.0;-370000.0,740000.0;1;8500.0,13100.0,15500.0;0.0;0;29.0,-20.0,29.0,-20.0
f_16a_block_15_adf_italy;15.1;9.44;27.9;7850.0;6398.0;1555.0;2.2;482.0;0;99.0;0.2,1018.0,1.0,463.0;-370000.0,740000.0;1;8500.0,13100.0,15500.0;0.0;0;29.0,-20.0,29.0,-20.0
f_16a_block_15_belgium;15.1;9.44;27.9;7850.0;6398.0;1555.0;2.2;482.0;0;99.0;0.2,1018.0,1.0,463.0;-370000.0,740000.0;1;8500.0,13100.0,15500.0;0.0;0;29.0,-20.0,29.0,-20.0
f_16a_block_15_ocu_belgium;15.1;9.44;27.9;7850.0;6398.0;1555.0;2.2;482.0;0;99.0;0.2,1018.0,1.0,463.0;-370000.0,740000.0;1;8500.0,13100.0,15500.0;0.0;0;29.0,-20.0,29.0,-20.0
f_16a_block_15_ocu_thailand;15.1;9.44;27.9;7850.0;6398.0;1555.0;2.2;482.0;0;99.0;0.2,1018.0,1.0,463.0;-370000.0,740000.0;1;8500.0,13100.0,15500.0;0.0;0;29.0,-20.0,29.0,-20.0
f_16a_block_20_mlu;15.1;9.44;27.9;7870.0;6398.0;1555.0;2.2;482.0;0;99.0;0.2,1018.0,1.0,463.0;-370000.0,740000.0;1;8500.0,13100.0,15500.0;0.0;0;29.0,-20.0,29.0,-20.0
f_16a_block_5_netherlands;15.1;9.44;27.9;7570.0;6398.0;1555.0;2.2;482.0;0;99.0;0.2,1018.0,1.0,463.0;-370000.0,740000.0;1;8500.0,13100.0,15500.0;0.0;0;29.0,-20.0,29.0,-20.0
f_16a_block_72v_china;15.1;9.44;27.9;7950.0;6398.0;1555.0;2.2;482.0;0;99.0;0.2,1018.0,1.0,463.0;-380000.0,790000.0;1;8500.0,13100.0,15500.0;0.0;0;29.0,-20.0,29.0,-20.0
f_16aj;15.1;9.44;27.9;7570.0;6398.0;1555.0;2.2;482.0;0;99.0;0.2,1018.0,1.0,463.0;-370000.0,740000.0;1;8500.0,13100.0,15500.0;0.0;0;29.0,-20.0,29.0,-20.0
f_16am_block_15_mlu_belgium;15.1;9.44;27.9;7850.0;6398.0;1555.0;2.2;482.0;0;99.0;0.2,1018.0,1.0,463.0;-370000.0,740000.0;1;8500.0,13100.0,15500.0;0.0;0;29.0,-20.0,29.0,-20.0
f_16c_block_40_barak_2;15.1;9.44;27.9;8860.0;6335.0;1555.0;2.2;482.0;0;99.0;0.2,1018.0,1.0,463.0;-400000.0,770000.0;1;6500.0,14675.0,15500.0;0.0;0;29.0,-20.0,29.0,-20.0
f_16c_block_50;15.1;9.44;27.9;9031.0;6398.0;1555.0;2.2;482.0;0;99.0;0.2,1018.0,1.0,463.0;-400000.0,770000.0;1;6500.0,15050.0,15500.0;0.0;0;29.0,-20.0,29.0,-20.0
f_16c_block_52_aesa;15.1;9.44;27.9;8956.0;6398.0;1555.0;2.2;482.0;0;99.0;0.2,1018.0,1.0,463.0;-400000.0,770000.0;1;9900.0,14000.0,14200.0;0.0;0;29.0,-20.0,29.0,-20.0
f_16d_block_40_barak_2;15.1;9.44;27.9;9018.0;5936.0;1555.0;2.2;482.0;0;99.0;0.2,1018.0,1.0,463.0;-400000.0,770000.0;1;6500.0,14675.0,15500.0;0.0;0;29.0,-20.0,29.0,-20.0
f_16i_sufa;15.1;9.44;27.9;8930.0;7105.0;1555.0;2.2;482.0;0;99.0;0.2,1018.0,1.0,463.0;-400000.0,770000.0;1;9900.0,14000.0,14200.0;0.0;0;29.0,-20.0,29.0,-20.0
f_16xl;16.7;10.7;53.8;8670.0;7385.0;1555.0;2.2;482.0;0;99.0;0.2,1018.0,1.0,463.0;-400000.0,810000.0;1;8500.0,13100.0,15500.0;0.0;0;37.0,-26.0,37.0,-26.0
f_2000a;19.4;11.0;51.4;11220.0;7110.0;1607.0;2.46;700.0;0;90.0;0.2,1018.0,1.0,481.0;-430000.0,810000.0;1;8500.0,13100.0,15500.0;0.0;0;37.0,-32.0,36.0,-31.0
f_20a;14.4;8.14;18.6;5965.0;3427.0;1527.0;2.0;482.0;20.0;99.0;0.2,1296.0,1.0,463.0;-250000.0,480000.0;1;8500.0,13350.0,15000.0;0.0;0;27.0,-24.0,28.0,-24.0
f_222_2;21.572;36.0;186.0;10800.0;4467.0;450.0;0.75;450.0;0;33.0;0.05,520.4,1.0,320.4;-220725.0,441450.0;4;600.0,2400.0,2600.0;0.0;0;20.0,-18.0,19.0,-18.0
f_2a;16.0;11.0;34.8;9530.0;8377.0;1555.0;2.1;482.0;0;99.0;0.2,1018.0,1.0,463.0;-410000.0,800000.0;1;6500.0,15050.0,15500.0;0.0;0;29.0,-20.0,29.0,-20.0
f_2a_adtw;16.0;11.0;34.8;9530.0;8377.0;1555.0;2.1;482.0;0;99.0;0.2,1018.0,1.0,463.0;-410000.0,800000.0;1;6500.0,15050.0,15500.0;0.0;0;29.0,-20.0,29.0,-20.0
f_47n_25_re_china;10.617;12.954;29.98;5426.42;1516.0;950.0;0.95;450.0;20.0;33.0;0.1,520.4,1.0,300.0;-330281.0,440375.0;1;600.0,2800.0,3100.0;113.56;0;17.0,-13.4,16.0,-12.2
f_5a;14.48;;;4180.0;3099.0;1380.0;;444.0;20.0;99.0;0.2,926.0,1.0,555.0;;1;5500.0,16500.0,17500.0;0.0;0;
f_5ag;14.48;;;4180.0;3099.0;1380.0;;444.0;20.0;99.0;0.2,926.0,1.0,555.0;;1;5500.0,16500.0,17500.0;0.0;0;
f_5c_turkey;14.48;;;4180.0;1719.0;1380.0;;444.0;20.0;99.0;0.2,926.0,1.0,555.0;;1;5500.0,16500.0,17500.0;0.0;0;
f_5e;14.68;8.14;17.28;4830.0;3375.0;1458.0;1.75;482.0;20.0;99.0;0.2,1203.0,1.0,463.0;-180000.0,390000.0;1;5500.0,16500.0,17500.0;0.0;0;22.0,-20.0,20.0,-19.0
f_5e_aidc;14.68;8.14;17.28;4830.0;3375.0;1458.0;1.75;482.0;20.0;99.0;0.2,1203.0,1.0,463.0;-180000.0,390000.0;1;5500.0,16500.0,17500.0;0.0;0;22.0,-20.0,20.0,-19.0
f_5e_fcu_thailand;14.68;8.14;17.28;4830.0;3375.0;1458.0;1.75;482.0;20.0;99.0;0.2,1203.0,1.0,463.0;-180000.0,390000.0;1;5500.0,16500.0,17500.0;0.0;0;22.0,-20.0,20.0,-19.0
f_5t_thailand;14.68;8.14;17.28;4830.0;3375.0;1458.0;1.75;482.0;20.0;99.0;0.2,1203.0,1.0,463.0;-180000.0,390000.0;1;5500.0,16500.0,17500.0;0.0;0;22.0,-20.0,20.0,-19.0
f_5th_thailand;14.68;8.14;17.28;4830.0;2858.0;1458.0;1.75;482.0;20.0;99.0;0.2,1203.0,1.0,463.0;-180000.0,390000.0;1;5500.0,16500.0,17500.0;0.0;0;22.0,-20.0,20.0,-19.0
f_6c_pakistan;12.54;;;5450.0;3910.0;;;577.0;0;33.0;0.2,700.0,0.33,500.0,1.0,450.0;;1;4100.0,11195.0,11600.0;0.0;0;
f_86em_greece;11.42;11.32;28.2;5178.0;1284.3;1170.0;1.2;350.0;20.0;33.0;0.1,620.4,1.0,350.4;-203792.0,390000.0;1;3000.0,7800.0,10000.0;0.0;0;17.1,-14.0,15.0,-17.0
fa_18a;17.1;11.5;37.98;10885.0;7462.0;1477.0;2.1;700.0;0;50.0;0.2,1218.0,1.0,463.0;-400000.0,810000.0;1;8500.0,13350.0,15000.0;0.0;0;38.0,-20.0,37.0,-22.0
fa_18a_hug_2_raaf;17.1;11.5;37.98;10885.0;7462.0;1477.0;2.1;700.0;0;50.0;0.2,1218.0,1.0,463.0;-400000.0,810000.0;1;8500.0,13350.0,15000.0;0.0;0;38.0,-20.0,37.0,-22.0
fa_18c_early;17.1;11.5;37.98;10885.0;7462.0;1477.0;2.1;700.0;0;50.0;0.2,1218.0,1.0,463.0;-400000.0,810000.0;1;8500.0,13350.0,15000.0;0.0;0;38.0,-20.0,37.0,-22.0
fa_18c_finland;17.1;11.5;37.98;10760.0;7462.0;1477.0;2.1;700.0;0;50.0;0.2,1218.0,1.0,463.0;-400000.0,810000.0;1;8500.0,13350.0,15000.0;0.0;0;38.0,-20.0,37.0,-22.0
fa_18c_late;17.1;11.5;37.98;11340.0;7462.0;1477.0;2.1;700.0;0;50.0;0.2,1218.0,1.0,463.0;-400000.0,810000.0;1;8500.0,13350.0,15000.0;0.0;0;38.0,-20.0,37.0,-22.0
fa_18c_late_switzerland;17.1;11.5;37.98;11430.0;7462.0;1477.0;2.1;700.0;0;50.0;0.2,1218.0,1.0,463.0;-470000.0,960000.0;1;8500.0,13350.0,15000.0;0.0;0;38.0,-20.0,37.0,-22.0
fa_18c_mlu_2_finland;17.1;11.5;37.98;11340.0;7462.0;1477.0;2.1;700.0;0;50.0;0.2,1218.0,1.0,463.0;-400000.0,810000.0;1;8500.0,13350.0,15000.0;0.0;0;38.0,-20.0,37.0,-22.0
fa_18d_late_malaysia;17.1;11.5;37.98;11710.0;7162.0;1477.0;2.1;700.0;0;50.0;0.2,1218.0,1.0,463.0;-400000.0,810000.0;1;8500.0,13350.0,15000.0;0.0;0;38.0,-20.0,37.0,-22.0
fa_18e_block_2;18.35;13.68;46.5;14500.0;15326.0;1497.0;2.1;700.0;0;50.0;0.2,1218.0,1.0,463.0;-495000.0,1150000.0;1;10350.0,17045.0,18045.0;0.0;0;38.0,-20.0,32.0,-22.0
fa_18f_block_2_raaf;18.35;13.68;46.5;14720.0;14899.0;1497.0;2.1;700.0;0;50.0;0.2,1218.0,1.0,463.0;-495000.0,1150000.0;1;10350.0,17045.0,18045.0;0.0;0;38.0,-20.0,32.0,-22.0
fairey_3f_mk3b;10.5;19.94;40.8;1749.0;363.0;400.0;0.6;400.0;20.0;33.0;0.1,520.4,1.0,320.4;-97020.0,97020.0;1;450.0,2350.0,2800.0;0.0;0;18.0,-15.0,17.0,-15.0
fau-1;7.75;;;1560.0;;;;;20.0;33.0;;;;;0.0;0;
fc_20_bis;12.18;16.0;35.96;5358.0;870.0;720.0;0.78;280.0;0;33.0;0.1,425.0,0.3,320.0,1.0,260.0;-161609.0,290896.0;1;600.0,2520.0,3000.0;0.0;0;17.0,-12.0,15.8,-18.5
ffa_p16;14.33;11.15;30.0;7037.0;1850.0;1212.0;1.0;450.0;20.0;33.0;0.1,550.0,1.0,400.0;-280000.0,486717.0;2;2500.0,8000.0,9000.0;0.0;0;17.1,-14.0,16.5,-17.0
ffvs_j22_a;7.8;10.0;16.0;2325.0;282.0;670.0;0.77;270.0;20.0;33.0;0.1,520.4,1.0,225.0;-85201.0,141950.0;1;450.0,2700.0,2850.0;0.0;0;17.5,-12.0,14.0,-12.0
ffvs_j22_b;7.8;10.0;16.0;2385.0;282.0;670.0;0.77;270.0;20.0;33.0;0.1,520.4,1.0,225.0;-85201.0,141950.0;1;450.0,2700.0,2850.0;0.0;0;17.5,-12.0,14.0,-12.0
fiat_cr42;8.257;;;1837.0;305.0;;;580.0;0;33.0;0.1,520.4,1.0,320.4;;;;0.0;0;
fiat_cr42_j11;8.257;;;1837.0;305.0;;;580.0;0;33.0;0.1,520.4,1.0,320.4;;;;0.0;0;
fiat_g50_seria2;8.03;10.99;17.0;1937.5;265.0;870.0;0.81;300.0;20.0;33.0;0.1,600.0,0.5,340.0,1.0,260.0;-71000.0,165000.0;1;600.0,2520.0,3000.0;0.0;0;17.0,-12.0,15.0,-19.0
fiat_g50_seria7as;8.03;10.99;17.0;2067.0;301.7;870.0;0.81;300.0;20.0;33.0;0.1,600.0,0.5,340.0,1.0,260.0;-71000.0,165000.0;1;600.0,2520.0,3000.0;0.0;0;17.0,-12.0,15.0,-19.0
fiat_g91_ps;10.415;;;3340.0;1256.0;;;345.0;20.0;33.0;0.1,620.4,1.0,345.0;;;;0.0;0;
fiat_g91_r1;10.415;;;3337.0;1256.0;;;345.0;20.0;33.0;0.1,620.4,1.0,345.0;;;;0.0;0;
fiat_g91_r3;10.415;;;3477.0;1256.0;;;345.0;20.0;33.0;0.1,620.4,1.0,345.0;;;;0.0;0;
fiat_g91_r4;10.415;;;3477.0;1256.0;;;345.0;20.0;33.0;0.1,620.4,1.0,345.0;;;;0.0;0;
fiat_g91_y;11.0;;;4350.0;2520.0;;;371.0;20.0;33.0;0.1,620.4,1.0,371.0;;;;0.0;0;
fiat_g91_ys;11.0;;;4350.0;2520.0;;;371.0;20.0;33.0;0.1,620.4,1.0,371.0;;;;0.0;0;
firebrand_tf4;11.91;;;5970.0;771.0;;;300.0;20.0;33.0;0.3,420.0,1.0,250.0;;;;0.0;0;
firefly_mk1;11.46;;;4670.0;617.0;;;270.0;20.0;33.0;0.0,700.0,0.2,600.0,0.3,330.0,1.0,242.0;;;;0.0;0;
firefly_mk5;11.46;;;5273.0;509.84;;;280.0;20.0;33.0;0.0,700.0,0.2,600.0,0.3,330.0,1.0,250.0;;;;0.0;0;
fj_4b;11.07;;;6695.0;2591.0;;;435.0;20.0;33.0;0.1,620.4,1.0,435.0;;;;0.0;0;
fokker_d21_mod20;8.11;11.0;15.8;1642.0;270.0;735.0;0.78;290.0;0;33.0;0.1,380.0,0.5,280.0,1.0,240.0;-60332.0,140774.0;1;600.0,2750.0,3100.0;0.0;0;16.5,-12.0,15.0,-14.0
fokker_d21_netherlands;8.11;11.0;15.8;1577.0;270.0;735.0;0.78;290.0;0;33.0;0.1,380.0,0.5,280.0,1.0,240.0;-60332.0,140774.0;1;600.0,2750.0,3100.0;0.0;0;16.5,-12.0,15.0,-14.0
fokker_d21_serie3_finland;8.11;11.0;15.8;1577.0;270.0;735.0;0.78;290.0;0;33.0;0.1,380.0,0.5,280.0,1.0,240.0;-60332.0,140774.0;1;600.0,2750.0,3100.0;0.0;0;16.5,-12.0,15.0,-14.0
fokker_d23;10.0;11.5;18.0;2323.0;290.0;645.0;0.85;285.0;20.0;33.0;0.1,450.0,0.5,340.0,1.0,280.0;-101062.0,134750.0;2;800.0,2600.0,2750.0;0.0;0;17.57,-17.7,16.0,-15.0
fokker_d7;6.95;8.9;20.5;705.0;64.8;500.0;0.7;500.0;20.0;33.0;0.1,520.4,1.0,320.4;-46107.0,101435.0;1;600.0,1600.0,2000.0;0.0;0;18.0,-15.0,17.0,-15.0
fokker_g1a;11.5;17.16;38.3;3810.0;702.0;610.0;0.65;280.0;20.0;33.0;0.1,350.0,1.0,230.0;-103005.0,269500.0;2;600.0,2750.0,3100.0;0.0;0;16.5,-12.0,15.0,-14.0
fr_1_fireball;8.382;12.0;25.5;3850.0;1740.0;778.0;0.8;340.0;20.0;33.0;0.1,640.0,1.0,427.0;-113076.0,220000.0;2;450.0,2600.0,2700.0;33.0;0;16.1,-14.0,14.2,-12.5
fury_mk1;8.24;;;1303.0;161.0;;;600.0;0;33.0;0.1,520.4,1.0,320.4;;1;450.0,2500.0,3000.0;0.0;0;
fury_mk2;8.24;;;1362.0;161.0;;;600.0;0;33.0;0.1,520.4,1.0,320.4;;1;450.0,2900.0,3000.0;0.0;0;
fw-190a-1;8.85;10.38;18.3;3192.0;410.0;912.0;0.83;310.0;0;13.0;0.1,900.0,0.13,700.0,0.58,310.0;-132435.0,264870.0;1;600.0,2700.0,3000.0;0.0;0;17.5,-12.0,17.0,-12.0
fw-190a-4;8.85;;;3340.0;410.0;912.0;;310.0;0;13.0;0.1,900.0,0.13,700.0,0.58,310.0;;1;600.0,2700.0,3000.0;0.0;0;
fw-190a-5;8.95;10.506;18.3;3353.0;410.0;912.0;0.83;310.0;0;13.0;0.1,900.0,0.13,700.0,0.58,310.0;-132435.0,264870.0;1;600.0,2700.0,3000.0;0.0;0;17.5,-12.0,15.4,-12.0
fw-190a-5_cannons;8.95;10.506;18.3;3467.0;410.0;912.0;0.83;310.0;0;13.0;0.1,900.0,0.13,700.0,0.58,310.0;-132435.0,264870.0;1;600.0,2700.0,3000.0;0.0;0;17.5,-12.0,15.4,-12.0
fw-190a-5_u14;8.95;10.506;18.3;3285.0;410.0;912.0;0.83;310.0;0;13.0;0.1,900.0,0.13,700.0,0.58,310.0;-132435.0,264870.0;1;600.0,2700.0,3000.0;0.0;0;17.5,-12.0,15.4,-12.0
fw-190a-5_u2;8.95;10.506;18.3;3273.0;410.0;912.0;0.83;310.0;0;13.0;0.1,900.0,0.13,700.0,0.58,310.0;-132435.0,264870.0;1;600.0,2700.0,3000.0;0.0;0;17.5,-12.0,15.4,-12.0
fw-190a-8;8.95;;;3607.0;410.0;912.0;;310.0;0;13.0;0.1,900.0,0.13,700.0,0.58,310.0;;1;600.0,2700.0,3000.0;0.0;0;
fw-190a-8_france;8.95;;;3457.0;410.0;912.0;;310.0;0;13.0;0.1,900.0,0.33,700.0,1.0,310.0;;1;600.0,2700.0,3000.0;0.0;0;
fw-190c;9.5;;;3613.0;410.0;912.0;;310.0;0;13.0;0.1,900.0,0.13,700.0,0.58,310.0;;1;500.0,2700.0,2900.0;0.0;0;
fw-190d-12;10.2;;;3728.0;388.0;912.0;;310.0;0;13.0;0.1,900.0,0.13,700.0,0.58,310.0;;1;1354.0,3250.0,3650.0;85.0;0;
fw-190d-13;10.2;;;3686.0;388.0;912.0;;310.0;0;13.0;0.1,900.0,0.13,700.0,0.58,310.0;;1;1354.0,3250.0,3650.0;85.0;0;
fw-190d-9;10.2;;;3570.0;388.0;912.0;;310.0;0;13.0;0.1,900.0,0.13,700.0,0.58,310.0;;1;1354.0,3250.0,3650.0;85.0;0;
fw-190f-8;8.95;10.506;18.3;3457.0;410.0;912.0;0.83;310.0;0;13.0;0.1,900.0,0.13,700.0,0.58,310.0;-132435.0,264870.0;1;600.0,2700.0,3000.0;0.0;0;17.5,-12.0,17.0,-12.0
fw_189a_1;12.025;18.4;37.8;3350.0;324.0;525.0;0.65;190.0;20.0;33.0;0.1,250.0,1.0,185.0;-103005.0,196000.0;2;450.0,3100.0,3400.0;0.0;0;16.5,-17.7,15.0,-15.0
fw_189c_0;12.025;18.4;37.8;3450.0;324.0;525.0;0.65;190.0;20.0;33.0;0.1,250.0,1.0,185.0;-103005.0,196000.0;2;450.0,3100.0,3400.0;0.0;0;16.5,-17.7,15.0,-15.0
fw_200c_1;23.85;32.84;142.58;11429.0;8060.0;450.0;0.7;200.0;0;33.0;0.1,350.0,1.0,200.0;-268650.0,268650.0;4;500.0,2550.0,2650.0;0.0;0;15.0,-11.8,14.0,-13.0
g4m1;19.97;24.88;74.1248;6741.0;3323.0;540.0;0.8;300.0;20.0;33.0;0.1,450.0,1.0,250.0;-186200.0,242060.0;2;600.0,2450.0,3100.0;0.0;0;16.0,-12.0,15.0,-19.0
g5n1;31.015;;;16221.0;9524.0;520.0;;280.0;20.0;33.0;0.1,380.0,1.0,230.0;;4;600.0,2450.0,2600.0;0.0;0;
g8n1;22.935;32.54;112.0;18781.0;11808.0;680.0;0.645;330.0;20.0;33.0;0.1,340.0,1.0,270.0;-314200.0,418950.0;4;600.0,3001.0,3200.0;0.0;0;15.0,-13.0,15.0,-16.5
g_55_serie1;9.372;;;3090.0;405.0;;;260.0;20.0;33.0;0.1,460.0,1.0,260.0;;;;0.0;0;
g_55_serie1_ss0;9.372;;;3030.0;405.0;;;260.0;20.0;33.0;0.1,460.0,1.0,260.0;;;;0.0;0;
g_55s;9.372;;;2990.0;405.0;;;260.0;20.0;33.0;0.1,460.0,1.0,260.0;;;;0.0;0;
g_56;9.372;;;3195.0;435.0;;;360.0;20.0;33.0;0.1,460.0,1.0,260.0;;;;0.0;0;
g_lynx;16.0;;;3350.0;1450.0;;;420.0;0;33.0;0.0,600.0,0.21,564.0,0.33,351.0,1.0,315.0;;;;0.0;0;
gl_832;8.74;14.5;29.46;1108.0;350.0;450.0;0.83;550.0;20.0;33.0;0.1,520.4,1.0,320.4;-127138.0,171757.0;1;450.0,2200.0,2450.0;0.0;0;17.0,-14.5,16.5,-13.0
gladiator_j8a;8.36;12.541;29.1;1732.5;282.0;600.0;0.75;560.0;0;33.0;0.1,520.4,1.0,320.4;-62000.0,124000.0;1;450.0,2750.0,3100.0;0.0;0;17.0,-17.0,16.0,-15.0
gladiator_mk1_belgium;8.36;12.541;29.1;1732.5;282.0;560.0;0.75;560.0;0;33.0;0.1,520.4,1.0,320.4;-62000.0,124000.0;1;450.0,2750.0,3100.0;0.0;0;17.0,-17.0,16.0,-15.0
gladiator_mk1_china;8.36;12.541;29.1;1732.5;282.0;560.0;0.75;560.0;0;33.0;0.1,520.4,1.0,320.4;-62000.0,124000.0;1;450.0,2750.0,3100.0;0.0;0;17.0,-17.0,16.0,-15.0
gladiator_mk2;8.36;12.541;29.1;1732.5;282.0;560.0;0.75;560.0;0;33.0;0.1,520.4,1.0,320.4;-62000.0,124000.0;1;450.0,2750.0,3100.0;0.0;0;17.0,-17.0,16.0,-15.0
gladiator_mk2_navy;8.36;12.541;29.1;1864.0;282.0;560.0;0.75;560.0;0;33.0;0.1,520.4,1.0,320.4;-62000.0,124000.0;1;450.0,2750.0,3100.0;0.0;0;17.0,-17.0,16.0,-15.0
gladiator_mk2_tuck;8.36;12.541;29.1;1732.5;282.0;560.0;0.75;560.0;0;33.0;0.1,520.4,1.0,320.4;-62000.0,124000.0;1;450.0,2750.0,3100.0;0.0;0;17.0,-17.0,16.0,-15.0
go229_v3;7.47;16.8;38.58;4800.0;2400.0;980.0;0.92;450.0;20.0;33.0;0.1,580.4,1.0,380.4;-179812.0,360000.0;1;2700.0,10000.0,12000.0;0.0;0;17.0,-13.35,14.0,-22.0
h145m;16.0;4.0;0.6;1950.0;720.0;300.0;0.6;320.0;0;33.0;0.0,1600.0,0.21,1564.0,0.33,1351.0,1.0,1315.0;-40000.0,83000.0;1;2000.0,6000.0,7500.0;0.0;0;28.6,-28.0,22.6,-21.0
h6k4;24.4;40.0;167.64;12066.0;8824.0;437.0;0.7;450.0;20.0;33.0;0.1,520.4,1.0,320.4;-280000.0,365000.0;4;450.0,2550.0,2800.0;0.0;0;17.0,-11.0,14.0,-12.0
h8k2;28.118;38.0;160.0;17474.5;12158.7;560.0;0.7;450.0;20.0;33.0;0.1,420.0,1.0,260.0;-512695.0,683550.0;4;150.0,2600.0,3000.0;100.0;0;
h8k3;28.118;38.0;160.0;17474.5;12158.7;560.0;0.7;450.0;20.0;33.0;0.1,420.0,1.0,260.0;-512695.0,683550.0;4;150.0,2600.0,3000.0;100.0;0;
h_34;17.51;;;3870.0;757.0;;;420.0;0;33.0;0.0,600.0,0.21,564.0,0.33,351.0,1.0,315.0;;;;0.0;0;
h_34_france;17.51;;;3870.0;757.0;;;420.0;0;33.0;0.0,600.0,0.21,564.0,0.33,351.0,1.0,315.0;;;;0.0;0;
h_75a_1_france;8.69;;;2122.0;379.8;;;290.0;20.0;33.0;0.1,520.4,1.0,232.0;;;;0.0;0;
h_75a_2_finland;8.69;;;2194.0;379.8;;;290.0;20.0;33.0;0.1,520.4,1.0,232.0;;;;0.0;0;
h_75a_4_france;8.69;;;2198.0;379.7;;;290.0;20.0;33.0;0.1,520.4,1.0,232.0;;;;0.0;0;
h_75m_china;8.69;11.37;21.93;1878.0;379.7;710.0;0.68;290.0;20.0;33.0;0.1,520.4,1.0,232.0;-88325.0,149373.0;1;600.0,2200.0,2850.0;0.0;0;17.57,-17.7,16.0,-15.0
halifax_mk3;21.82;31.75;117.9;16000.0;5980.0;541.0;0.7;260.0;20.0;33.0;0.1,520.0,1.0,260.0;-396900.0,600000.0;4;450.0,2800.0,3200.0;0.0;0;16.0,-13.0,21.9,-16.0
harrier_frs1;14.3;7.7;18.6;5910.0;2335.0;1463.0;1.25;648.0;0;33.0;0.1,1111.0,0.32,926.0,1.0,556.0;-220000.0,560000.0;1;4900.0,7510.0,10000.0;223.0;0;23.0,-23.0,26.0,-21.0
harrier_gr1;14.3;7.7;18.6;5520.0;2292.0;1463.0;1.25;648.0;0;33.0;0.1,1111.0,0.32,926.0,1.0,556.0;-220000.0,560000.0;1;4800.0,7460.0,10000.0;223.0;0;23.0,-23.0,26.0,-21.0
harrier_gr3;14.3;7.7;18.6;5570.0;2335.0;1463.0;1.25;648.0;0;33.0;0.1,1111.0,0.32,926.0,1.0,556.0;-220000.0,560000.0;1;4900.0,7510.0,10000.0;223.0;0;23.0,-23.0,26.0,-21.0
harrier_gr7;14.36;9.25;21.6;5705.0;3520.0;1137.0;1.1;648.0;0;33.0;0.2,973.0,0.32,833.0,1.0,556.0;-220000.0,560000.0;1;4900.0,7510.0,10000.0;227.0;0;25.0,-22.0,27.0,-21.0
harrier_t10;15.8;9.25;21.6;6627.0;3520.0;1137.0;1.1;648.0;0;33.0;0.2,973.0,0.32,833.0,1.0,556.0;-220000.0,560000.0;1;4900.0,7510.0,10000.0;227.0;0;25.0,-22.0,27.0,-21.0
hawk_200;11.35;9.94;16.7;4135.0;2308.0;1115.0;1.26;437.0;20.0;33.0;0.1,615.0,1.0,410.0;-165500.0,335500.0;1;4600.0,11650.0,11952.0;0.0;0;18.0,-17.5,14.0,-15.0
hawk_200_rda;11.35;9.94;16.7;4125.0;2308.0;1115.0;1.26;437.0;20.0;33.0;0.1,615.0,1.0,410.0;-165500.0,335500.0;1;4600.0,11650.0,11952.0;0.0;0;18.0,-17.5,14.0,-15.0
hawk_209_indonesia;11.35;9.94;16.7;4215.0;2308.0;1115.0;1.26;437.0;20.0;33.0;0.1,615.0,1.0,410.0;-165500.0,335500.0;1;4600.0,11650.0,11952.0;0.0;0;18.0,-17.5,14.0,-15.0
hawk_iii;7.14;12.76;24.32;1517.0;310.0;600.0;0.7;280.0;0;33.0;0.1,320.0,0.5,240.0,1.0,190.0;-57494.0,114989.0;1;500.0,2200.0,2520.0;0.0;0;17.5,-12.0,17.0,-12.0
hawk_t1a;11.9;9.4;16.7;4204.0;2216.0;1115.0;1.26;437.0;20.0;33.0;0.1,615.0,1.0,410.0;-165500.0,335500.0;1;4600.0,11650.0,11952.0;0.0;0;18.0,-17.5,14.0,-15.0
he-111h-16_winter;16.4;22.6;86.2;7100.0;3000.0;480.0;0.6;300.0;20.0;33.0;0.1,350.0,1.0,260.0;-156380.0,200380.0;2;420.0,2600.0,2750.0;0.0;0;14.0,-13.0,12.0,-10.0
he-111h-2;16.4;22.6;86.2;6700.0;2050.0;480.0;0.6;350.0;20.0;33.0;0.1,420.0,1.0,260.0;-156380.0,200380.0;2;420.0,2400.0,2550.0;0.0;0;14.0,-13.0,12.0,-10.0
he-111h-6;16.4;22.6;86.2;7020.0;3000.0;480.0;0.6;350.0;20.0;33.0;0.1,420.0,1.0,260.0;-156380.0,200380.0;2;420.0,2600.0,2750.0;0.0;0;14.0,-13.0,12.0,-10.0
he-162a-2;9.05;;;1877.0;475.0;;;350.0;20.0;33.0;0.1,700.0,1.0,500.0;;;;0.0;0;
he-177a-5;20.4;31.44;102.0;19100.0;6248.8;682.5;0.7;260.0;20.0;33.0;0.1,450.0,1.0,280.0;-205000.0,510000.0;2;500.0,2800.0,3150.0;0.0;0;16.0,-11.8,15.0,-15.0
he51a1;8.438;13.75;27.23;1601.0;152.0;500.0;0.7;500.0;20.0;33.0;0.1,520.4,1.0,320.4;-46107.0,101435.0;1;600.0,1700.0,2000.0;0.0;0;18.0,-15.0,17.0,-15.0
he51b1;8.438;13.75;27.23;1621.0;303.0;550.0;0.7;550.0;20.0;33.0;0.1,520.4,1.0,320.4;-55328.0,110657.0;1;600.0,1700.0,2000.0;0.0;0;18.0,-15.0,17.0,-15.0
he51b_2w;8.438;13.75;27.23;1757.0;152.0;500.0;0.7;500.0;20.0;33.0;0.1,520.4,1.0,320.4;-46107.0,101435.0;1;600.0,1700.0,2000.0;0.0;0;18.0,-15.0,17.0,-15.0
he51c1;8.438;13.75;27.23;1635.0;303.0;550.0;0.7;550.0;20.0;33.0;0.1,520.4,1.0,320.4;-55328.0,110657.0;1;600.0,1700.0,2000.0;0.0;0;18.0,-15.0,17.0,-15.0
he51c1_late;8.438;13.75;27.23;1647.0;303.0;550.0;0.7;550.0;20.0;33.0;0.1,520.4,1.0,320.4;-55328.0,110657.0;1;600.0,1700.0,2000.0;0.0;0;18.0,-15.0,17.0,-15.0
he_100d_1;8.2;;;2158.0;250.0;820.0;;320.0;20.0;33.0;0.1,500.0,0.5,450.0,0.7,390.0,1.0,280.0;;1;450.0,2400.0,3000.0;0.0;0;
he_112a_0;8.9;11.5;21.6;1900.0;200.0;680.0;0.7;300.0;20.0;33.0;0.1,420.0,1.0,270.0;-87572.8,109466.0;1;400.0,2700.0,2800.0;0.0;0;15.2,-14.0,14.1,-20.0
he_112b_0;9.3;9.1;16.98;1911.0;200.0;730.0;0.8;300.0;20.0;33.0;0.1,520.4,1.0,320.4;-87572.8,109466.0;1;400.0,2700.0,2800.0;0.0;0;15.2,-14.0,14.1,-20.0
he_112b_1;9.3;9.1;16.98;1911.0;200.0;730.0;0.8;300.0;20.0;33.0;0.1,520.4,1.0,320.4;-87572.8,109466.0;1;400.0,2700.0,2800.0;0.0;0;15.2,-14.0,14.1,-20.0
he_112b_2;9.3;9.1;16.98;2000.0;200.0;730.0;0.8;300.0;20.0;33.0;0.1,520.4,1.0,320.4;-87572.8,109466.0;1;445.0,2700.0,2800.0;0.0;0;15.2,-14.0,14.1,-20.0
he_112v_5;8.9;11.5;21.6;1900.0;200.0;680.0;0.7;300.0;20.0;33.0;0.1,420.0,1.0,270.0;-87572.8,109466.0;1;400.0,2700.0,2800.0;0.0;0;15.2,-14.0,14.1,-20.0
he_115a_2_sweden;17.3;22.2;87.48;6560.0;1780.0;480.0;0.6;350.0;20.0;33.0;0.1,420.0,1.0,260.0;-156380.0,200380.0;2;500.0,2550.0,2650.0;0.0;0;14.0,-13.0,12.0,-10.0
he_115c_1;17.3;22.2;87.48;7145.0;2550.0;480.0;0.6;350.0;20.0;33.0;0.1,420.0,1.0,260.0;-156380.0,200380.0;2;500.0,2550.0,2650.0;0.0;0;14.0,-13.0,12.0,-10.0
he_219a_7;15.54;18.5;44.49;10800.0;1925.0;787.0;0.75;310.0;0;33.0;0.1,490.0,1.0,310.0;-450000.0,690000.0;2;500.0,2700.0,3200.0;0.0;0;17.2,-14.5,20.0,-14.0
hkp2;16.0;4.0;0.6;890.0;440.0;300.0;0.6;320.0;0;33.0;0.0,1600.0,0.21,1564.0,0.33,1351.0,1.0,1315.0;-40000.0,83000.0;1;5000.0,34000.0,39000.0;0.0;0;28.6,-28.0,22.6,-21.0
hkp3c;15.0;3.2;1.26;2390.0;833.0;450.0;0.79;420.0;0;33.0;0.0,600.0,0.21,564.0,0.33,351.0,1.0,315.0;-100000.0,250000.0;1;3000.0,6600.0,10000.0;0.0;0;28.6,-28.0,22.6,-21.0
hkp9a_cb2;16.0;;;1420.0;444.0;;;320.0;0;33.0;0.0,1600.0,0.21,1564.0,0.33,1351.0,1.0,1315.0;;;;0.0;0;
hkp9a_cb3_fc;16.0;;;1420.0;444.0;;;320.0;0;33.0;0.0,1600.0,0.21,1564.0,0.33,1351.0,1.0,1315.0;;;;0.0;0;
hornet_mk1;12.0;13.7;33.48;5970.0;1185.0;826.0;0.8;324.0;20.0;33.0;0.1,380.0,1.0,287.0;-158000.0,320000.0;1;450.0,3000.0,3300.0;0.0;0;
hornet_mk3;12.0;13.7;33.48;6050.0;1761.0;826.0;0.8;324.0;20.0;33.0;0.1,380.0,1.0,287.0;-158000.0,320000.0;1;450.0,3000.0,3300.0;0.0;0;
hp52_hampden;12.7;;;3745.0;1489.3;;;225.0;20.0;33.0;0.1,401.0,1.0,201.0;;;;0.0;0;
hp52_hampden_mk1_late;16.25;21.1328;62.1;6583.0;1442.0;506.0;0.75;225.0;20.0;33.0;0.1,410.0,1.0,210.0;-125167.0,208612.0;2;600.0,2600.0,2825.0;0.0;0;21.0,-12.0,17.0,-17.0
hp52_hampden_tbmk1;16.25;21.1328;62.1;6683.0;1442.0;506.0;0.75;225.0;20.0;33.0;0.1,410.0,1.0,210.0;-125167.0,208612.0;2;600.0,2600.0,2825.0;0.0;0;21.0,-12.0,17.0,-17.0
hp52_hampden_tbmk1_ussr_utk1;16.25;21.1328;62.1;6700.0;1442.0;506.0;0.75;225.0;20.0;33.0;0.1,410.0,1.0,210.0;-125167.0,208612.0;2;600.0,2600.0,2825.0;0.0;0;21.0,-12.0,17.0,-17.0
hp_12;19.158;30.0;153.08;3856.0;234.0;640.0;0.7;450.0;20.0;33.0;0.1,520.4,1.0,320.4;-103005.0,206010.0;2;600.0,1800.0,2000.0;0.0;0;16.0,-17.7,15.0,-15.0
hs-129b-2;9.84;14.2;29.0;4517.0;450.0;630.0;0.69;295.0;0;33.0;0.1,314.0,0.33,272.0,1.0,245.0;-165370.0,257250.0;2;450.0,3030.0,3420.0;0.0;0;16.0,-14.5,14.5,-13.5
hs-129b-3;9.84;14.2;29.0;4517.0;450.0;630.0;0.69;295.0;0;33.0;0.1,314.0,0.33,272.0,1.0,245.0;-165370.0,257250.0;2;450.0,3030.0,3420.0;0.0;0;16.0,-14.5,14.5,-13.5
hs_123a_1;8.66;;;1649.0;200.0;;;590.0;20.0;33.0;0.1,320.0,0.5,240.0,1.0,190.0;;;;0.0;0;
hudson_mk_v;13.51;19.96;51.18;5985.0;1754.0;564.0;0.65;235.0;20.0;33.0;0.1,340.0,1.0,235.0;-198000.0,396000.0;2;300.0,2700.0,2900.0;0.0;0;17.0,-13.0,16.5,-12.0
hunter_f1;12.8;10.26;31.56;5970.31;1190.0;1193.0;1.6;450.0;20.0;33.0;0.1,648.0,1.0,465.0;-203792.0,430000.0;1;2750.0,7900.0,10000.0;0.0;0;15.9,-14.0,14.5,-17.0
hunter_f4_mk50;12.8;10.26;31.56;6210.0;2270.0;1193.0;1.6;450.0;20.0;33.0;0.1,648.0,1.0,465.0;-203792.0,430000.0;1;2750.0,7900.0,10000.0;0.0;0;15.9,-14.0,14.5,-17.0
hunter_f58a;12.8;10.26;31.56;6110.0;2448.0;1225.0;1.6;450.0;20.0;33.0;0.1,648.0,1.0,465.0;-245000.0,540000.0;1;2750.0,8000.0,10000.0;0.0;0;16.1,-14.0,14.5,-17.0
hunter_f6;12.8;10.26;31.56;6400.0;2448.6;1193.0;1.6;450.0;20.0;33.0;0.1,648.0,1.0,465.0;-225000.0,470000.0;1;2750.0,8000.0,10000.0;0.0;0;16.1,-14.0,14.5,-17.0
hunter_f6_holland;12.8;10.26;31.56;6400.0;2448.0;1193.0;1.6;450.0;20.0;33.0;0.1,648.0,1.0,465.0;-225000.0,470000.0;1;2750.0,8000.0,10000.0;0.0;0;16.1,-14.0,14.5,-17.0
hunter_f9;12.8;10.26;31.56;6110.0;2448.6;1225.0;1.6;450.0;20.0;33.0;0.1,648.0,1.0,465.0;-245000.0,540000.0;1;2750.0,8000.0,10000.0;0.0;0;16.1,-14.0,14.5,-17.0
hurricane_mk1;9.58;12.192;23.93;2619.0;314.0;660.0;0.79;320.0;20.0;33.0;0.1,285.0,0.4,235.0,1.0,202.0;-101386.0,180806.0;1;600.0,3000.0,3600.0;0.0;0;18.0,-8.0,17.0,-14.0
hurricane_mk1b;9.58;12.192;23.93;2899.0;314.0;660.0;0.79;320.0;20.0;33.0;0.1,285.0,0.4,235.0,1.0,202.0;-101386.0,180806.0;1;600.0,3000.0,3600.0;0.0;0;18.0,-8.0,17.0,-14.0
hurricane_mk1c;9.58;12.192;23.93;2949.0;314.0;660.0;0.79;320.0;20.0;33.0;0.1,285.0,0.4,235.0,1.0,202.0;-101386.0,180806.0;1;600.0,3000.0,3600.0;0.0;0;18.0,-8.0,17.0,-14.0
hurricane_mk4;9.58;12.192;23.93;2873.0;314.0;660.0;0.79;320.0;20.0;33.0;0.1,285.0,0.4,235.0,1.0,202.0;-101386.0,180806.0;1;600.0,3000.0,3600.0;0.0;0;18.0,-8.0,17.0,-14.0
hurricanemkii;9.58;12.192;23.93;2881.0;314.0;660.0;0.79;320.0;20.0;33.0;0.1,285.0,0.4,235.0,1.0,202.0;-101386.0,180806.0;1;600.0,3000.0,3600.0;0.0;0;18.0,-8.0,17.0,-14.0
hurricanemkii_ussr;9.58;12.192;23.93;2731.0;314.0;660.0;0.79;320.0;20.0;33.0;0.1,285.0,0.4,235.0,1.0,202.0;-101386.0,180806.0;1;600.0,3000.0,3600.0;0.0;0;18.0,-8.0,17.0,-14.0
i-153_m62;6.175;12.24;22.14;1489.0;240.0;580.0;0.7;450.0;0;33.0;0.1,520.4,1.0,320.4;-55407.0,112545.0;1;500.0,2200.0,2400.0;0.0;0;21.0,-16.0,21.0,-16.0
i-153p;6.175;12.24;22.14;1489.0;240.0;580.0;0.7;450.0;0;33.0;0.1,520.4,1.0,320.4;-55407.0,112545.0;1;500.0,2200.0,2350.0;0.0;0;21.0,-16.0,21.0,-16.0
i-15_1934;6.1;9.75;23.55;1071.0;160.0;560.0;0.75;560.0;0;33.0;0.1,520.4,1.0,320.4;-26923.0,67306.0;1;400.0,1960.0,2350.0;0.0;0;18.0,-16.0,17.0,-16.0
i-15_1935;6.1;9.75;23.55;926.0;232.0;560.0;0.75;560.0;0;33.0;0.1,520.4,1.0,320.4;-26923.0,67306.0;1;300.0,2000.0,2200.0;0.0;0;18.0,-16.0,17.0,-16.0
i-15_1935_moscow;6.1;9.75;23.55;1079.0;232.0;560.0;0.75;560.0;0;33.0;0.1,520.4,1.0,320.4;-26923.0,67306.0;1;400.0,2100.0,2350.0;0.0;0;18.0,-16.0,17.0,-16.0
i-15bis;6.275;12.36;22.5;1376.0;225.0;580.0;0.7;580.0;0;20.0;;-54200.0,108400.0;1;400.0,2200.0,2500.0;0.0;0;18.5,-16.0,,
i-15bis_krasnolutsky;6.275;12.36;22.5;1376.0;225.0;580.0;0.7;580.0;0;20.0;;-54200.0,108400.0;1;400.0,2200.0,2500.0;0.0;0;18.5,-16.0,,
i-16_chung_28;5.985;9.0;12.38;1286.0;150.0;660.0;0.75;260.0;20.0;33.0;;-44463.0,103746.0;1;500.0,2200.0,2520.0;0.0;0;19.0,-15.0,17.0,-12.0
i-16_type10;6.074;9.004;12.38;1431.0;150.0;700.0;0.75;260.0;0;33.0;1.0,260.0;-66218.0,132435.0;1;400.0,2200.0,2500.0;0.0;0;
i-16_type17;6.074;9.004;12.38;1513.0;150.0;700.0;0.75;260.0;0;33.0;1.0,260.0;-66218.0,132435.0;1;400.0,2200.0,2500.0;0.0;0;
i-16_type18;6.074;9.004;12.38;1546.0;150.0;700.0;0.75;260.0;0;33.0;1.0,260.0;-66218.0,132435.0;1;500.0,2200.0,2350.0;0.0;0;
i-16_type24;6.13;9.004;12.38;1597.0;150.0;700.0;0.75;260.0;20.0;33.0;0.1,420.0,0.5,320.0,1.0,260.0;-66218.0,132435.0;1;500.0,2300.0,2500.0;0.0;0;
i-16_type27;6.074;9.004;12.38;1511.0;150.0;700.0;0.75;260.0;0;33.0;1.0,260.0;-66218.0,132435.0;1;500.0,2200.0,2350.0;0.0;0;
i-16_type28;6.13;9.004;12.38;1691.0;150.0;700.0;0.75;260.0;20.0;33.0;0.1,420.0,0.5,320.0,1.0,260.0;-66218.0,132435.0;1;500.0,2300.0,2500.0;0.0;0;
i-16_type5;5.985;9.0;12.38;1237.9;150.0;700.0;0.75;260.0;20.0;33.0;1.0,700.0;-44463.0,103746.0;1;400.0,2100.0,2350.0;0.0;0;
i-225;9.5;;;3290.0;325.0;820.0;;320.0;0;33.0;0.1,400.0,0.5,320.0,1.0,280.0;;1;500.0,2500.0,2700.0;0.0;0;
i_180;6.88;;;2113.0;280.0;;;260.0;0;33.0;0.1,420.0,0.5,320.0,1.0,250.0;;1;450.0,2375.0,2800.0;0.0;0;
i_180_event01;6.88;;;2113.0;280.0;;;260.0;0;33.0;0.1,420.0,0.5,320.0,1.0,250.0;;1;450.0,2375.0,2800.0;0.0;0;
i_180_event02;6.88;;;2113.0;280.0;;;260.0;0;33.0;0.1,420.0,0.5,320.0,1.0,250.0;;1;450.0,2375.0,2800.0;0.0;0;
i_180_event04;6.88;;;2113.0;280.0;;;260.0;0;33.0;0.1,420.0,0.5,320.0,1.0,250.0;;1;450.0,2375.0,2800.0;0.0;0;
i_185_m71_standard;8.05;9.8;13.53;3147.0;480.0;800.0;0.81;320.0;20.0;33.0;0.1,400.0,0.5,320.0,1.0,280.0;-112563.0,225125.0;1;600.0,2300.0,2630.0;0.0;0;22.0,-18.0,18.0,-18.0
i_185_m82;8.1;9.8;13.53;2782.0;480.0;800.0;0.81;320.0;20.0;33.0;0.1,400.0,0.5,320.0,1.0,280.0;-112563.0,225125.0;1;500.0,2400.0,2700.0;0.0;0;22.0,-18.0,18.0,-18.0
i_29;9.8;14.0;31.1866;4086.0;935.0;680.0;0.75;320.0;0;33.0;0.1,380.0,1.0,280.0;-254722.0,445763.0;2;450.0,2700.0,2850.0;0.0;0;18.1,-13.0,17.0,-14.5
ia_58a_pucara;13.9;14.5;30.3;3837.0;1024.0;788.0;0.62;463.0;20.0;33.0;0.1,477.8,1.0,260.0;-77636.0,187259.0;2;1000.0,43000.0,50000.0;16.0;0;16.7,-13.0,16.0,-14.5
iar-81c;8.97;11.0;16.5;2383.0;330.0;680.0;0.72;280.0;20.0;33.0;0.1,800.0,0.5,780.0,1.0,750.0;-117232.0,156310.0;1;400.0,2300.05,2800.0;0.0;0;
iar_316b;16.0;;;950.0;453.0;;;320.0;0;33.0;0.0,1600.0,0.21,1564.0,0.33,1351.0,1.0,1315.0;;;;0.0;0;
iar_81c_db_605;9.0;11.0;16.5;2700.0;330.0;680.0;0.72;280.0;20.0;33.0;0.1,800.0,0.5,780.0,1.0,750.0;-117232.0,156310.0;1;500.0,2800.0,3150.0;0.0;0;17.0,-12.0,17.0,-19.0
iar_93b;13.23;9.35;26.0;5780.0;2872.0;1186.0;1.09;475.0;0;33.0;0.2,936.0,1.0,400.0;-215000.0,365000.0;1;5500.0,13800.0,14500.0;0.0;0;24.0,-20.0,26.5,-19.0
il-10;11.12;13.4;30.0;5477.0;535.0;720.0;0.7;450.0;0;33.0;0.1,520.4,1.0,320.4;-419488.0,419488.0;1;500.0,2500.0,2700.0;0.0;0;17.5,-16.5,17.5,-12.0
il-10_1946;11.12;13.4;30.0;5477.0;535.0;720.0;0.7;450.0;0;33.0;0.1,520.4,1.0,320.4;-419488.0,419488.0;1;500.0,2500.0,2700.0;0.0;0;17.5,-16.5,17.5,-12.0
il-2i;11.45;;;4181.0;470.0;;;320.0;0;33.0;0.1,470.0,1.0,270.0;;;;0.0;0;
il-2m;11.65;;;4838.0;650.75;;;320.0;20.0;33.0;0.1,470.0,1.0,270.0;;;;0.0;0;
il-2m_mstitel;11.65;;;4838.0;650.75;;;320.0;20.0;33.0;0.1,470.0,1.0,270.0;;;;0.0;0;
il-4;14.79;21.44;66.7;5915.0;3000.0;600.0;0.75;320.0;0;33.0;0.1,480.0,0.5,380.0,1.0,280.0;-134480.0,268961.0;2;450.0,2375.0,2600.0;0.0;0;18.0,-15.0,16.0,-18.0
il_28;17.65;21.45;60.78;12819.9;6600.0;850.0;0.82;400.0;20.0;33.0;0.1,600.0,1.0,400.0;-379812.0,739812.0;4;5000.0,11561.0,16000.0;0.0;0;15.0,-13.35,12.0,-22.0
il_28sh;17.65;21.45;60.78;12819.9;6600.0;850.0;0.82;400.0;20.0;33.0;0.1,600.0,1.0,400.0;-379812.0,739812.0;4;5000.0,11561.0,16000.0;0.0;0;15.0,-13.35,12.0,-22.0
il_2_1941;11.45;;;4181.0;470.0;;;320.0;0;33.0;0.1,470.0,1.0,270.0;;;;0.0;0;
il_2_37_1943;11.45;14.6;38.5;4838.0;550.75;620.0;0.6065;320.0;0;33.0;0.1,470.0,1.0,270.0;-356250.0,356250.0;1;450.0,2350.0,2500.0;0.0;0;16.7,-13.0,16.0,-14.5
il_2_m82;11.45;;;4858.0;550.0;620.0;;320.0;0;33.0;0.1,470.0,1.0,270.0;;1;400.0,2500.0,3197.99;0.0;0;
il_2m_1943;11.45;14.6;38.5;4916.0;550.75;620.0;0.6065;320.0;0;33.0;0.1,470.0,1.0,270.0;-356250.0,356250.0;1;450.0,2350.0,2500.0;0.0;0;16.7,-13.0,16.0,-14.5
il_8;12.5;14.6;39.02;5488.0;650.75;620.0;0.6065;320.0;0;33.0;0.1,470.0,1.0,270.0;-356250.0,356250.0;1;500.0,2500.0,2700.0;0.0;0;16.7,-13.0,16.0,-14.5
intruder_mk_1;14.32;18.694;43.1813;5532.0;886.0;665.0;0.703;296.0;20.0;33.0;0.1,445.0,1.0,296.0;-131700.0,263400.0;2;550.0,2700.0,2800.0;0.0;0;16.0,-15.5,14.5,-13.0
itp-m1;9.2;;;2886.0;613.0;800.0;;320.0;20.0;33.0;0.1,380.0,0.5,320.0,1.0,260.0;;1;450.0,2050.0,2250.0;0.0;0;
j1n1_mod11_early;12.3;;;4142.0;1613.0;712.5;;350.0;20.0;33.0;0.1,450.0,1.0,290.0;;2;500.0,2750.0,3000.0;0.0;0;
j2m2;9.895;10.8;20.05;2475.0;424.8;820.0;0.81;350.0;20.0;33.0;0.1,515.0,1.0,280.0;-141561.0,188748.0;1;400.0,2600.0,2800.0;126.0;0;18.0,-14.5,17.0,-14.01
j2m3;9.895;10.8;20.05;2649.0;424.8;820.0;0.81;350.0;20.0;33.0;0.1,515.0,1.0,280.0;-141561.0,188748.0;1;400.0,2600.0,2800.0;126.0;0;18.0,-14.5,17.0,-14.01
j2m4;10.08;;;3170.0;424.8;;;350.0;20.0;33.0;0.1,515.0,1.0,280.0;;1;400.0,2600.0,2800.0;126.0;0;
j2m4_kai;10.08;10.8;20.05;3170.0;424.8;820.0;0.81;350.0;20.0;33.0;0.1,515.0,1.0,280.0;-141561.0,188748.0;1;400.0,2600.0,2800.0;126.0;0;17.0,-14.5,16.0,-14.01
j2m5;9.895;10.8;20.05;2715.0;424.8;820.0;0.81;350.0;20.0;33.0;0.1,515.0,1.0,280.0;-141561.0,188748.0;1;400.0,2600.0,2800.0;126.0;0;18.0,-14.5,17.0,-14.01
j2m5_30mm;9.895;;;2715.0;424.8;;;350.0;20.0;33.0;0.1,515.0,1.0,280.0;;1;400.0,2600.0,2800.0;126.0;0;
j5n1;11.5;;;5819.0;959.0;;;320.0;20.0;33.0;0.1,450.0,1.0,280.0;;;;250.0;0;
j6b;7.28;;;1136.0;240.0;540.0;;560.0;0;33.0;0.1,520.4,1.0,320.4;;1;450.0,1950.0,2250.0;0.0;0;
j6k1;10.118;12.5;23.68;3216.0;536.55;780.0;0.85;320.0;20.0;33.0;0.1,520.4,0.5,280.0;-168743.0,224990.0;1;550.0,3100.0,3250.0;290.0;0;16.2,-13.8,15.0,-13.01
j7w1;9.76;;;3990.0;588.0;;;450.0;20.0;33.0;0.1,520.4,1.0,320.4;;;;150.0;0;
j8m1;5.92;;;1610.0;2030.0;;;550.0;20.0;33.0;0.1,620.4,1.0,420.4;;;;0.0;0;
j9_early;8.18;10.97;20.0;2311.0;285.7;770.0;0.78;290.0;20.0;33.0;0.1,520.4,1.0,232.0;-88325.0,149373.0;1;600.0,2700.0,3185.0;0.0;0;17.57,-17.7,16.0,-15.0
j_10a;14.6;9.2;37.0;8300.0;5945.0;1543.0;2.1;620.0;0;33.0;0.1,550.0,1.0,400.0;-220000.0,590000.0;1;9400.0,13300.0,14300.0;0.0;0;35.0,-32.0,35.0,-31.0
j_10c;14.6;9.2;37.0;9045.0;5945.0;1543.0;2.1;620.0;0;33.0;0.1,550.0,1.0,400.0;-230000.0,630000.0;1;8400.0,14000.0,15000.0;0.0;0;35.0,-32.0,35.0,-31.0
j_11;21.93;14.7;61.98;16870.0;9400.0;1540.0;2.35;700.0;0;90.0;0.2,1018.0,1.0,600.0;-480000.0,1350000.0;1;9400.0,13300.0,14300.0;0.0;0;28.0,-20.0,29.0,-22.0
j_11a;21.93;14.7;61.98;16870.0;9400.0;1540.0;2.35;700.0;0;90.0;0.2,1018.0,1.0,600.0;-480000.0,1350000.0;1;9400.0,13300.0,14300.0;0.0;0;28.0,-20.0,29.0,-22.0
j_11b;21.93;14.7;61.98;16580.0;9400.0;1540.0;2.35;700.0;0;90.0;0.2,1018.0,1.0,600.0;-480000.0,1350000.0;1;8400.0,14000.0,15000.0;0.0;0;28.0,-20.0,29.0,-22.0
j_15t;21.93;14.7;65.98;18300.0;9800.0;1540.0;2.4;700.0;0;90.0;0.2,1018.0,1.0,600.0;-550000.0,1550000.0;1;8400.0,14000.0,15000.0;0.0;0;32.0,-20.0,30.0,-22.0
j_16;21.93;14.7;61.98;17900.0;9400.0;1540.0;2.1;700.0;0;90.0;0.2,1018.0,1.0,600.0;-550000.0,1450000.0;1;8400.0,14000.0,15000.0;0.0;0;28.0,-20.0,29.0,-22.0
j_7_mk2;14.1;;;5512.0;2336.0;1500.0;;500.0;0;33.0;0.1,740.0,1.0,450.4;;1;3000.0,11500.0,14000.0;0.0;0;
j_7d;14.1;;;5710.0;3484.0;1500.0;;700.0;0;55.0;0.1,740.0,1.0,450.4;;1;3000.0,11500.0,14000.0;0.0;0;
j_7e;14.1;;;5610.0;3379.0;1500.0;;500.0;0;33.0;0.1,740.0,1.0,450.4;;1;3000.0,11500.0,14000.0;0.0;0;
j_8b;14.1;9.3;42.0;9830.0;6750.0;1365.0;2.2;500.0;0;33.0;0.1,550.4,1.0,450.4;-380000.0,823200.0;1;3000.0,11500.0,14000.0;0.0;0;30.0,-22.0,28.0,-25.0
j_8f;14.1;9.3;42.0;9860.0;6750.0;1365.0;2.2;500.0;0;33.0;0.1,550.4,1.0,450.4;-380000.0,823200.0;1;3000.0,11500.0,14000.0;0.0;0;30.0,-22.0,28.0,-25.0
jaguar_a;16.95;8.69;24.0;7500.0;6169.0;1273.0;1.5;481.0;20.0;33.0;0.2,1500.0,0.33,525.0,1.0,410.0;-322000.0,644000.0;1;5200.0,13600.0,14100.0;0.0;0;28.0,-24.0,28.5,-22.0
jaguar_e;17.53;8.69;24.0;7800.0;6169.0;1273.0;1.5;481.0;20.0;33.0;0.2,1500.0,0.33,525.0,1.0,410.0;-322000.0,644000.0;1;5200.0,13600.0,14100.0;0.0;0;28.0,-24.0,28.5,-22.0
jaguar_gr1;16.95;8.69;24.0;7500.0;6169.0;1273.0;1.5;481.0;20.0;33.0;0.2,1500.0,0.33,525.0,1.0,410.0;-322000.0,644000.0;1;5200.0,13600.0,14100.0;0.0;0;28.0,-24.0,28.5,-22.0
jaguar_gr1a;16.95;8.69;24.0;7540.0;6169.0;1273.0;1.5;481.0;20.0;33.0;0.2,1500.0,0.33,525.0,1.0,410.0;-322000.0,644000.0;1;5200.0,13600.0,14100.0;0.0;0;28.0,-24.0,28.5,-22.0
jaguar_is;16.95;8.69;24.0;7500.0;6169.0;1273.0;1.5;481.0;20.0;33.0;0.2,1500.0,0.33,525.0,1.0,410.0;-322000.0,644000.0;1;5200.0,13600.0,14100.0;0.0;0;28.0,-24.0,28.5,-22.0
javelin_fmk9;17.15;15.85;85.98;14250.0;3192.0;1041.0;1.1;407.0;20.0;33.0;0.2,540.0,1.0,370.0;-410000.0,750000.0;1;2500.0,8000.0,9000.0;0.0;0;22.0,-20.0,22.0,-20.0
jf_17;14.1;9.4;24.36;6590.0;4757.0;1430.0;1.76;500.0;0;33.0;0.1,926.0,1.0,450.4;-266000.0,532000.0;1;5500.0,8350.0,8950.0;0.0;0;27.0,-18.0,27.0,-18.0
jh_7;21.03;12.71;51.9;15050.0;9912.0;1331.0;1.95;450.0;20.0;33.0;0.1,750.0,1.0,450.0;-540000.0,1240000.0;1;5000.0,12500.0,15000.0;0.0;0;26.0,-22.0,28.0,-24.0
jh_7a;21.03;12.71;51.9;14650.0;9912.0;1331.0;1.95;450.0;20.0;33.0;0.1,750.0,1.0,450.0;-540000.0,1240000.0;1;5000.0,12500.0,15000.0;0.0;0;26.0,-22.0,28.0,-24.0
jh_7a2;21.03;12.71;51.9;14650.0;9912.0;1331.0;1.95;450.0;20.0;33.0;0.1,750.0,1.0,450.0;-540000.0,1240000.0;1;5000.0,12500.0,15000.0;0.0;0;26.0,-22.0,28.0,-24.0
ju-188a-2;14.958;22.0;56.0;10408.0;1220.0;675.0;0.75;310.0;0;33.0;0.1,480.0,1.0,280.0;-577526.0,770035.0;2;1354.0,3250.0,3650.0;0.0;0;17.0,-11.8,16.5,-15.0
ju-288c;18.13;23.0;64.6;14429.0;3226.4;675.0;0.8;310.0;20.0;33.0;0.1,480.0,1.0,280.0;-577526.0,770035.0;2;500.0,2800.0,3150.0;0.0;0;17.0,-11.8,16.5,-15.0
ju-388j;16.14;22.08;49.74;10936.0;1738.0;675.0;0.73;310.0;20.0;33.0;0.1,480.0,1.0,280.0;-397725.0,645264.0;2;400.0,2650.0,3000.0;0.0;0;18.0,-16.0,16.0,-14.0
ju-52;17.875;29.0;108.0;6600.0;1730.0;530.0;0.61;530.0;20.0;33.0;0.1,386.0,1.0,241.0;-120000.0,230000.0;1;500.0,2049.0,2600.0;0.0;0;14.5,-12.0,14.0,-13.0
ju-87b-2;10.83;;;2929.0;579.0;680.0;;680.0;0;33.0;0.1,520.4,1.0,320.4;;1;420.0,2400.0,3000.0;0.0;0;
ju-87d-3;10.83;;;4001.0;578.0;730.0;;800.0;0;33.0;0.1,500.0,1.0,320.0;;1;600.0,2600.0,2850.0;0.0;0;
ju-87d-5;10.83;;;3947.0;578.0;730.0;;800.0;0;33.0;0.1,500.0,1.0,320.0;;1;600.0,2600.0,2850.0;0.0;0;
ju-87g_1;10.83;;;5130.0;578.0;730.0;;800.0;0;33.0;0.1,500.0,1.0,320.0;;1;600.0,2600.0,2850.0;0.0;0;
ju-87g_2;10.83;;;5168.0;578.0;730.0;;800.0;0;33.0;0.1,500.0,1.0,320.0;;1;600.0,2600.0,2850.0;0.0;0;
ju-87r-2;10.83;;;2700.0;579.0;;;680.0;0;33.0;0.1,520.4,1.0,320.4;;;;0.0;0;
ju-88a-1;14.359;18.25;52.3;6634.0;1220.0;675.0;0.68;310.0;20.0;33.0;0.1,480.0,1.0,280.0;-397725.0,417725.0;2;500.0,2400.0,2700.0;0.0;0;17.0,-16.0,16.5,-15.3
ju-88a-4;14.359;18.25;54.7;9065.91;1220.0;675.0;0.68;310.0;20.0;33.0;0.1,480.0,1.0,280.0;-397725.0,417725.0;2;500.0,2600.0,3000.0;0.0;0;17.0,-16.0,16.5,-15.3
ju-88c-6;14.359;18.25;54.7;9633.0;1226.4;675.0;0.68;310.0;20.0;33.0;0.1,480.0,1.0,280.0;-397725.0,645264.0;2;500.0,2600.0,3000.0;0.0;0;17.0,-16.0,16.5,-15.3
ka_29;14.2;;;8050.0;2560.0;310.0;;420.0;0;33.0;0.0,600.0,0.21,564.0,0.33,351.0,1.0,315.0;;1;7000.0,15000.0,20000.0;0.0;0;
ka_50;14.2;;;7920.0;1490.0;310.0;;420.0;0;33.0;0.0,600.0,0.21,564.0,0.33,351.0,1.0,315.0;;1;7000.0,15000.0,20000.0;0.0;0;
ka_52;14.2;;;8320.0;1490.0;310.0;;420.0;0;33.0;0.0,600.0,0.21,564.0,0.33,351.0,1.0,315.0;;1;7000.0,15000.0,20000.0;0.0;0;
kfir_c10_colombia;15.01;8.22;34.4;7285.0;3285.0;1460.0;2.5;500.0;0;33.0;0.2,1300.0,0.33,389.0,1.0,389.0;-240000.0,570000.0;1;3000.0,7650.0,10000.0;0.0;0;35.0,-27.0,36.0,-27.0
kfir_c2;15.01;8.22;34.4;7270.0;3285.0;1460.0;2.5;500.0;0;33.0;0.2,1300.0,0.33,389.0,1.0,389.0;-240000.0,570000.0;1;3000.0,7650.0,10000.0;0.0;0;35.0,-27.0,36.0,-27.0
kfir_c7;15.01;8.22;34.4;7285.0;3285.0;1460.0;2.5;500.0;0;33.0;0.2,1300.0,0.33,389.0,1.0,389.0;-240000.0,570000.0;1;3000.0,7650.0,10000.0;0.0;0;35.0,-27.0,36.0,-27.0
kfir_canard;15.01;8.22;34.4;7200.0;3285.0;1460.0;2.5;500.0;0;33.0;0.2,1300.0,0.33,389.0,1.0,389.0;-240000.0,570000.0;1;3000.0,7650.0,10000.0;0.0;0;32.0,-27.0,32.0,-27.0
ki-27_otsu;7.529;;;1186.0;238.9;;;550.0;0;33.0;0.1,350.0,1.0,220.0;;;;0.0;0;
ki-45_ko;10.6;15.07;32.2;4051.0;1052.0;712.5;0.73;350.0;5.0;13.0;0.1,450.0,1.0,290.0;-184232.0,286583.0;2;100.0,2700.0,2850.0;0.0;0;17.5,-12.0,17.0,-12.0
ki-45_tei;10.6;15.07;32.2;4051.0;1052.0;712.5;0.73;350.0;5.0;13.0;0.1,450.0,1.0,290.0;-184232.0,286583.0;2;100.0,2700.0,2850.0;0.0;0;17.5,-12.0,17.0,-12.0
ki-49_1;16.808;20.0;69.05;6370.0;2448.0;580.0;0.7;260.0;20.0;33.0;0.1,450.0,0.5,300.0,1.0,240.0;-154923.0,219692.0;2;100.0,2500.0,2650.0;0.0;0;
ki-49_2a;16.808;20.0;69.05;6759.0;2448.0;580.0;0.7;300.0;20.0;33.0;0.1,450.0,1.0,250.0;-154923.0,219692.0;2;600.0,2650.0,2700.0;0.0;0;
ki-49_2b;16.808;20.0;69.05;6759.0;2448.0;580.0;0.7;300.0;20.0;33.0;0.1,450.0,1.0,250.0;-154923.0,219692.0;2;600.0,2650.0,2700.0;0.0;0;
ki-83;12.5;;;6062.0;2090.0;;;310.0;20.0;33.0;0.1,560.0,0.5,420.0;;;;170.0;0;
ki-96;11.45;15.7;34.0;4591.0;928.0;762.0;0.79;310.0;20.0;33.0;0.1,460.0,1.0,260.0;-214196.0,264196.0;2;400.0,2600.0,2850.0;200.0;0;17.0,-13.75,16.0,-12.0
ki_100_2;8.74;12.0;20.0;2873.5;483.75;850.0;0.75;250.0;20.0;33.0;0.1,300.0,1.0,230.0;-119497.0,192330.0;1;500.0,2600.0,3000.0;132.0;0;17.0,-14.0,15.1,-17.0
ki_100_early;8.74;12.0;20.0;2700.0;483.75;850.0;0.75;250.0;20.0;33.0;0.1,300.0,1.0,230.0;-119497.0,190330.0;1;500.0,2600.0,3000.0;132.0;0;17.0,-14.0,15.1,-17.0
ki_102_otsu;11.45;15.7;34.0;5547.0;1140.0;762.0;0.79;310.0;20.0;33.0;0.1,460.0,1.0,260.0;-232505.0,304045.0;2;400.0,2600.0,2850.0;200.0;0;17.0,-13.75,16.0,-12.0
ki_108;13.05;17.3;39.8;5880.0;1140.0;762.0;0.79;310.0;20.0;33.0;0.1,460.0,1.0,260.0;-275772.0,367696.0;2;450.0,2600.0,2900.0;200.0;0;18.0,-13.75,17.5,-13.0
ki_109;18.7;;;8559.0;1570.0;;;300.0;20.0;33.0;0.1,450.0,1.0,250.0;;;;0.0;0;
ki_10_1;7.2;12.48;20.0;1335.0;238.0;600.0;0.75;560.0;0;33.0;0.1,520.4,1.0,320.4;-51200.0,93800.0;1;400.0,2350.0,2600.0;0.0;0;22.0,-14.0,21.0,-14.0
ki_10_2;7.72;12.82;24.39;1385.0;238.0;600.0;0.75;560.0;0;33.0;0.1,520.4,1.0,320.4;-51200.0,93800.0;1;400.0,2350.0,2600.0;0.0;0;22.0,-14.0,21.0,-14.0
ki_21_1hei;16.0;;;4250.5;2130.0;;;380.0;20.0;33.0;0.1,450.0,1.0,250.0;;;;0.0;0;
ki_21_1ko;16.0;;;4250.5;2130.0;;;380.0;20.0;33.0;0.1,450.0,1.0,250.0;;;;0.0;0;
ki_32;11.64;15.0;40.84;2679.0;460.0;600.0;0.7;600.0;20.0;33.0;0.1,600.0,1.0,280.0;-148176.0,197568.0;1;400.0,2000.0,2600.0;0.0;0;18.0,-13.0,17.0,-14.5
ki_43_1;8.92;11.43;22.0;1687.0;407.0;630.0;0.65;300.0;20.0;33.0;0.1,450.0,0.4,350.0,1.0,250.0;-55944.2,109907.0;1;600.0,2700.0,3200.0;0.0;0;15.6,-12.2,15.0,-12.0
ki_43_2;8.92;10.84;21.68;1890.0;385.4;661.0;0.65;300.0;20.0;33.0;0.1,400.0,0.4,350.0,1.0,250.0;-95182.5,126910.0;1;400.0,2800.0,3200.0;0.0;0;15.6,-14.2,15.0,-14.0
ki_43_3_ko;8.92;10.84;21.68;2000.0;396.0;661.0;0.65;330.0;20.0;33.0;0.1,500.0,1.0,300.0;-100144.0,133525.0;1;400.0,2800.0,2850.0;110.0;0;15.6,-14.2,15.0,-14.0
ki_43_3_otsu;8.92;10.84;21.68;1934.0;525.0;661.0;0.65;330.0;20.0;33.0;0.1,400.0,0.5,350.0,1.0,250.0;-100144.0,133525.0;1;400.0,2800.0,2850.0;126.0;0;15.6,-14.2,15.0,-14.0
ki_44_1;8.85;;;2024.0;378.75;850.0;;250.0;20.0;33.0;0.1,450.0,0.4,400.0,1.0,250.0;;1;400.0,2500.0,2600.0;0.0;0;
ki_44_2_hei;8.85;;;2099.0;378.75;850.0;;250.0;20.0;33.0;0.1,450.0,0.4,400.0,1.0,250.0;;1;400.0,2650.0,3000.0;110.0;0;
ki_44_2_otsu;8.85;;;2015.0;378.75;850.0;;250.0;20.0;33.0;0.1,450.0,0.4,400.0,1.0,250.0;;1;400.0,2650.0,3000.0;110.0;0;
ki_48_2_otsu;12.75;17.45;40.0;4241.0;1431.53;650.0;0.67;300.0;20.0;33.0;0.1,450.0,1.0,250.0;-102000.0,306000.0;2;400.0,2800.0,3200.0;0.0;0;16.0,-11.0,15.0,-12.0
ki_61_1a_hei;8.74;12.0;20.0;2566.0;414.503;850.0;0.75;250.0;20.0;33.0;0.1,300.0,1.0,230.0;-119497.0,169330.0;1;400.0,2500.0,2700.0;0.0;0;17.0,-14.0,15.1,-17.0
ki_61_1a_ko;8.74;12.0;20.0;2377.0;585.0;850.0;0.75;250.0;20.0;33.0;0.1,300.0,1.0,230.0;-119497.0,169330.0;1;400.0,2500.0,2700.0;0.0;0;17.0,-14.0,15.1,-17.0
ki_61_1a_otsu;8.74;12.0;20.0;2530.0;414.503;850.0;0.75;250.0;20.0;33.0;0.1,300.0,1.0,230.0;-119497.0,159330.0;1;400.0,2500.0,2700.0;0.0;0;17.0,-14.0,15.1,-17.0
ki_61_1a_tei;8.74;12.0;20.0;2827.12;483.75;850.0;0.75;250.0;20.0;33.0;0.1,300.0,1.0,230.0;-119497.0,189330.0;1;400.0,2500.0,2700.0;0.0;0;17.0,-14.0,15.1,-17.0
ki_61_2_early;8.74;12.0;20.0;3162.0;483.75;850.0;0.75;330.0;20.0;33.0;0.1,300.0,1.0,230.0;-119497.0,194281.0;1;400.0,2750.0,3000.0;0.0;0;17.0,-14.0,15.1,-17.0
ki_67_1_ko;18.7;;;8400.0;3630.0;;;300.0;20.0;33.0;0.1,450.0,1.0,250.0;;;;0.0;0;
ki_67_1_otsu;18.7;;;8400.0;3630.0;;;300.0;20.0;33.0;0.1,450.0,1.0,250.0;;;;0.0;0;
ki_84_hei;9.74;;;2845.0;407.11;;;270.0;20.0;33.0;0.1,500.0,0.5,380.0,1.0,280.0;;;;132.0;0;
ki_84_ko;9.74;;;2845.0;407.11;;;270.0;20.0;33.0;0.1,500.0,0.5,380.0,1.0,280.0;;;;132.0;0;
ki_84_otsu;9.74;;;2845.0;407.11;;;270.0;20.0;33.0;0.1,500.0,0.5,380.0,1.0,280.0;;;;132.0;0;
ki_87;11.3;;;4562.0;607.0;;;320.0;20.0;33.0;[0.1, 480.0],[0.1, 400.0],1.0,280.0;;;;200.0;0;
ki_93_1_ko;14.215;19.0;55.75;8434.0;1580.0;762.0;0.79;310.0;20.0;33.0;0.1,460.0,1.0,260.0;-275772.0,537696.0;1;450.0,2600.0,2900.0;200.0;0;18.0,-13.75,17.5,-13.0
ki_94_2;12.0;;;5046.0;866.0;;;280.0;20.0;33.0;0.1,680.0,0.3,480.0,1.0,280.0;;;;260.0;0;
kitsuka;9.25;;;2440.0;526.0;;;380.0;20.0;33.0;0.1,580.0,1.0,380.0;;;;0.0;0;
kor_1;8.875;11.0;31.8;1800.0;619.0;400.0;0.6;400.0;20.0;33.0;0.1,520.4,1.0,320.4;-97020.0,97020.0;1;600.0,2200.0,2500.0;0.0;0;18.0,-15.0,17.0,-15.0
kor_2;10.5;12.0;25.5;2136.0;400.0;505.0;0.6;450.0;0;33.0;0.1,520.4,1.0,320.4;-83000.0,166600.0;1;650.0,2200.0,2350.0;0.0;0;17.0,-14.5,16.5,-13.0
l_39za;12.13;9.12;18.78;3395.0;1100.0;955.0;0.85;330.0;0;33.0;0.1,500.0,0.33,340.0,1.0,305.0;-125000.0,247000.0;1;9900.0,17620.0,18000.0;0.0;0;19.5,-14.0,18.5,-17.0
l_39za_art_thailand;12.13;9.12;18.78;3395.0;1100.0;955.0;0.85;330.0;0;33.0;0.1,500.0,0.33,340.0,1.0,305.0;-125000.0,247000.0;1;9900.0,17620.0,18000.0;0.0;0;19.5,-14.0,18.5,-17.0
la-11;8.46;9.8;17.717;2981.0;544.0;850.0;0.8;320.0;20.0;33.0;0.1,480.0,0.5,400.0,1.0,290.0;-135000.0,216000.0;1;400.0,2500.0,3197.99;0.0;0;18.0,-15.0,16.0,-16.0
la-15;9.563;8.83;16.2;2790.0;900.0;945.0;0.94;450.0;0;33.0;0.1,520.4,1.0,320.4;-110300.0,227724.0;1;8000.0,14700.0,15500.0;0.0;0;16.2,-13.0,14.5,-12.5
la-5_type37_early;8.81;9.8;17.62;2718.92;345.0;735.0;0.77;340.0;20.0;33.0;0.1,450.0,1.0,280.0;-209247.0,209247.0;1;400.0,2400.0,2600.0;0.0;0;16.5,-16.0,16.0,-16.0
la-5f_type_39;8.81;9.8;17.62;2741.92;345.0;735.0;0.77;310.0;20.0;33.0;0.1,470.0,1.0,270.0;-209247.0,209247.0;1;400.0,2400.0,2600.0;0.0;0;16.5,-16.0,16.0,-16.0
la-5fn;8.81;9.8;17.62;2879.96;334.0;735.0;0.77;310.0;20.0;33.0;0.1,470.0,1.0,270.0;-209247.0,209247.0;1;400.0,2500.0,3197.99;0.0;0;16.5,-16.0,16.0,-16.0
la-7;8.81;;;2780.5;330.0;;;320.0;20.0;33.0;0.1,530.0,1.0,300.0;;;;0.0;0;
la-7b-20;8.81;;;2838.0;303.0;;;320.0;20.0;33.0;0.1,530.0,1.0,300.0;;;;0.0;0;
la-9;8.46;;;2727.0;503.7;;;320.0;20.0;33.0;0.1,520.0,0.5,400.0,1.0,290.0;;;;0.0;0;
la_174;9.563;8.83;16.16;2671.0;900.0;945.0;0.94;450.0;0;33.0;0.1,520.4,1.0,320.4;-110300.0,227724.0;1;8000.0,14700.0,15500.0;0.0;0;16.2,-13.0,14.5,-12.5
la_200_toriy;16.35;;;7700.0;2554.0;;;450.0;20.0;33.0;0.1,650.0,1.0,450.0;;;;0.0;0;
lagg-3-1;8.81;;;2644.0;;;;;20.0;33.0;;;;;0.0;0;
lagg-3-11;8.844;9.8;17.62;2781.0;211.0;700.0;0.8;350.0;20.0;33.0;0.1,460.0,1.0,280.0;-137327.0,183103.0;1;500.0,2700.0,3000.0;0.0;0;17.0,-12.0,15.3,-10.0
lagg-3-23;8.844;9.8;17.62;2840.0;211.0;700.0;0.8;350.0;20.0;33.0;0.1,460.0,1.0,280.0;-137327.0,183103.0;1;500.0,2700.0,3000.0;0.0;0;17.0,-12.0,15.3,-10.0
lagg-3-29;8.81;;;2644.0;;;;;20.0;33.0;;;;;0.0;0;
lagg-3-34;8.844;9.8;17.62;2838.0;211.0;700.0;0.8;450.0;20.0;33.0;0.1,460.0,1.0,280.0;-137327.0,183103.0;1;500.0,2700.0,3000.0;0.0;0;17.0,-12.0,15.3,-10.0
lagg-3-35;8.844;9.8;17.62;2640.0;211.0;700.0;0.8;450.0;20.0;33.0;0.1,460.0,1.0,280.0;-139356.0,185808.0;1;500.0,2700.0,3000.0;0.0;0;17.0,-12.0,15.3,-10.0
lagg-3-4;8.844;9.8;17.62;2838.0;350.0;700.0;0.8;350.0;20.0;33.0;0.1,460.0,1.0,280.0;-137327.0,183103.0;1;500.0,2700.0,3000.0;0.0;0;15.8,-14.0,14.3,-10.0
lagg-3-66;8.844;9.8;17.62;2490.0;211.0;700.0;0.8;450.0;20.0;33.0;0.1,460.0,1.0,280.0;-139356.0,185808.0;1;500.0,2700.0,3000.0;0.0;0;17.0,-12.0,15.3,-10.0
lagg-3-8;8.844;9.8;17.62;2890.0;350.0;700.0;0.8;350.0;20.0;33.0;0.1,460.0,1.0,280.0;-137327.0,183103.0;1;500.0,2700.0,3000.0;0.0;0;17.0,-12.0,15.3,-10.0
lagg-i-301;8.844;9.8;17.62;2834.0;275.444;700.0;0.8;350.0;20.0;33.0;0.1,460.0,1.0,280.0;-137327.0,183103.0;1;500.0,2700.0,3000.0;0.0;0;17.0,-12.0,15.3,-10.0
lagg_3_8;8.81;;;2822.0;410.5;;;450.0;20.0;33.0;0.1,520.4,1.0,320.4;;;;0.0;0;
lagg_gu-37;8.81;;;2644.0;;;;;20.0;33.0;;;;;0.0;0;
lancaster_mk1;21.1836;31.0896;111.948;17876.0;7050.0;608.0;0.63;338.0;20.0;33.0;0.1,440.0,0.5,338.0,1.0,282.0;-420100.0,630100.0;1;450.0,3001.0,3150.0;0.0;0;16.0,-15.5,14.5,-13.0
lancaster_mk3;21.1836;31.0896;111.948;17897.0;7050.0;608.0;0.63;338.0;20.0;33.0;0.1,440.0,0.5,338.0,1.0,282.0;-420100.0,630100.0;1;450.0,3001.0,3150.0;0.0;0;16.0,-15.5,14.5,-13.0
lancaster_mr7_france;21.1836;31.0896;111.948;17790.0;7050.0;608.0;0.63;338.0;20.0;33.0;0.1,440.0,0.5,338.0,1.0,282.0;-420100.0,630100.0;1;450.0,3001.0,3150.0;0.0;0;16.0,-15.5,14.5,-13.0
late_298d;12.56;15.5;31.6;3085.0;367.2;450.0;0.63;550.0;20.0;33.0;0.1,520.4,1.0,320.4;-127138.0,171757.0;1;450.0,2401.0,2590.0;0.0;0;17.0,-14.5,16.5,-13.0
leo_451_early;17.17;;;7820.0;2100.0;;;340.0;20.0;33.0;0.1,400.0,1.0,270.0;;;;0.0;0;
leo_451_late;17.17;;;7820.0;2100.0;;;340.0;20.0;33.0;0.1,400.0,1.0,270.0;;;;0.0;0;
li-2;19.647;28.813;91.7;8994.0;1160.0;600.0;0.73;310.0;0;33.0;0.1,480.0,1.0,280.0;-173215.0,247450.0;2;450.0,2200.0,2350.0;0.0;0;16.2,-14.0,15.1,-17.0
li-2_1938;19.647;28.813;91.7;8994.0;1160.0;600.0;0.73;310.0;0;33.0;0.1,480.0,1.0,280.0;-173215.0,247450.0;2;450.0,2200.0,2350.0;0.0;0;16.2,-14.0,15.1,-17.0
lightning_f6;16.84;;;13650.0;4539.0;1203.0;;463.0;0;33.0;0.1,720.0,1.0,463.0;;1;2750.0,8000.0,10000.0;0.0;0;
lincoln_b2;23.865;;;20225.0;9340.0;;;341.0;20.0;33.0;0.1,420.0,1.0,296.0;;1;450.0,3000.0,3180.0;0.0;0;
loire_130;11.3;16.0;40.08;2290.0;503.0;400.0;0.63;550.0;0;33.0;0.1,520.4,1.0,320.4;-127138.0,101120.0;1;450.0,2600.0,2850.0;0.0;0;17.0,-14.5,16.5,-13.0
lynx_ah_mk1;16.0;;;2682.0;973.0;;;420.0;0;33.0;0.0,600.0,0.21,564.0,0.33,351.0,1.0,315.0;;;;0.0;0;
m_346fa;11.5;10.1;24.0;5710.0;3345.0;1120.0;1.05;370.0;0;50.0;0.2,740.0,1.0,350.0;-155000.0,405000.0;1;16000.0,28500.0,30500.0;0.0;0;30.0,-20.0,27.0,-22.0
martin_139wc;13.63;21.5;63.0;4931.0;1214.8;564.0;0.65;235.0;20.0;33.0;0.1,340.0,1.0,235.0;-110000.0,220500.0;2;400.0,2100.0,2450.0;0.0;0;15.0,-13.0,14.5,-12.0
marut_mk1;15.9;9.0;27.6;6200.0;3244.0;1296.0;1.8;450.0;20.0;33.0;0.1,648.0,1.0,465.0;-220000.0,434000.0;1;3500.0,10120.0,14000.0;0.0;0;18.0,-14.0,18.0,-16.0
maryland_mk1;14.224;18.694;49.842;5332.0;1008.0;574.0;0.72;278.0;20.0;33.0;0.1,340.0,1.0,210.0;-123100.0,295500.0;2;550.0,2700.0,3060.0;0.0;0;16.2,-15.5,14.8,-13.0
mb_151c1;9.104;10.68;16.22;2097.0;306.0;830.0;0.81;310.0;0;33.0;0.1,470.0,1.0,270.0;-209247.0,209247.0;1;400.0,2400.0,2580.0;0.0;0;17.0,-16.0,16.5,-13.0
mb_152c1;9.104;10.68;16.22;2251.0;305.0;830.0;0.81;310.0;0;33.0;0.1,470.0,1.0,270.0;-209247.0,209247.0;1;400.0,2400.0,2520.0;0.0;0;17.0,-16.0,16.5,-13.0
mb_157;9.7;10.68;16.61;2675.0;345.0;810.0;0.81;340.0;20.0;33.0;0.1,470.0,1.0,270.0;-139973.0,186631.0;1;450.0,2600.01,2800.0;0.0;0;17.0,-16.0,16.5,-13.0
mb_162;22.16;;;11212.0;4850.0;;;280.0;20.0;33.0;0.1,340.0,0.5,300.0,1.0,260.0;;;;0.0;0;
mb_174_a3;12.23;;;5087.0;1222.0;;;280.0;20.0;33.0;0.1,340.0,0.5,300.0,1.0,260.0;;;;0.0;0;
mb_175t;12.05;17.96;42.42;5480.0;1530.0;680.0;0.75;280.0;20.0;33.0;0.1,340.0,0.5,300.0,1.0,260.0;-175596.0,386311.0;2;450.0,2400.0,2650.0;0.0;0;17.57,-17.7,16.0,-15.0
mb_3;13.5;18.8;54.4;5300.0;1000.0;950.0;0.8;650.0;20.0;33.0;0.1,420.0,1.0,3260.0;-483000.0,577024.0;4;400.0,2520.0,3100.0;0.0;0;
mb_326b;10.65;10.56;20.4;2200.0;1360.0;865.0;0.84;331.0;0;33.0;0.1,570.0,0.33,331.0,1.0,273.0;-81000.0,143480.0;1;5500.0,13800.0,14500.0;0.0;0;17.1,-14.0,15.5,-17.0
mb_326k;10.67;10.85;20.4;3196.0;1785.0;952.0;0.85;331.0;0;33.0;0.1,570.0,0.33,331.0,1.0,273.0;-81000.0,239000.0;1;5500.0,13760.0,14500.0;0.0;0;17.1,-14.0,15.5,-17.0
mb_5;11.5;10.66;24.3;4500.0;698.0;890.0;0.87;330.0;0;33.0;0.0,450.0,0.3,370.0,1.0,273.0;-150000.0,295000.0;1;450.0,2750.0,3100.0;0.0;0;18.0,-17.0,17.2,-20.0
mbr-2;13.5;18.8;54.4;3036.0;812.2;405.0;0.6;450.0;20.0;33.0;0.1,520.4,1.0,320.4;-83000.0,166600.0;1;400.0,1850.0,2900.0;0.0;0;14.5,-13.5,13.0,-13.5
mc-202;8.85;10.58;16.67;2622.0;307.0;845.0;0.81;300.0;20.0;33.0;0.1,600.0,0.5,340.0,1.0,260.0;-87000.0,227000.0;1;400.0,2500.0,2600.0;0.0;0;17.5,-14.0,16.0,-18.0
mc-202_d;8.85;10.58;16.67;2586.0;307.0;845.0;0.81;300.0;20.0;33.0;0.1,600.0,0.5,340.0,1.0,260.0;-87000.0,227000.0;1;400.0,2500.0,2600.0;0.0;0;17.5,-14.0,16.0,-18.0
mc-202_ec;8.85;10.58;16.67;2713.0;307.0;820.0;0.81;300.0;20.0;33.0;0.1,600.0,0.5,340.0,1.0,260.0;-87000.0,227000.0;1;400.0,2500.0,2600.0;0.0;0;17.5,-14.0,16.0,-18.0
mc-205_n2;9.549;11.25;19.0;3188.0;365.0;845.0;0.81;300.0;20.0;33.0;0.1,600.0,0.5,340.0,1.0,260.0;-87000.0,227000.0;1;500.0,2800.0,3150.0;0.0;0;17.5,-12.0,16.0,-18.0
mc-205_serie1;8.85;10.58;16.67;2805.0;307.0;845.0;0.81;300.0;20.0;33.0;0.1,600.0,0.5,340.0,1.0,260.0;-87000.0,227000.0;1;500.0,2800.0,3150.0;0.0;0;17.5,-14.0,16.0,-18.0
mc-205_serie3;8.85;10.58;16.67;2894.0;307.0;845.0;0.81;300.0;20.0;33.0;0.1,600.0,0.5,340.0,1.0,260.0;-87000.0,227000.0;1;500.0,2800.0,3150.0;0.0;0;17.5,-14.0,16.0,-18.0
mc200_serie3;8.196;10.58;16.67;2050.0;197.0;845.0;0.81;300.0;20.0;33.0;0.1,600.0,0.5,340.0,1.0,260.0;-82061.0,177017.0;1;600.0,2520.0,3000.0;0.0;0;16.5,-14.0,15.0,-18.0
mc200_serie7;8.196;10.58;16.67;2105.0;286.0;845.0;0.81;300.0;20.0;33.0;0.1,600.0,0.5,340.0,1.0,260.0;-85641.0,192978.0;1;600.0,2520.0,3000.0;0.0;0;17.5,-14.0,16.0,-18.0
md_450b_barougan;9.56;;;4800.0;1184.0;;;450.0;20.0;33.0;0.1,650.0,1.0,450.0;;;;0.0;0;
md_450b_ouragan;9.56;;;4750.0;1184.0;;;450.0;20.0;33.0;0.1,650.0,1.0,450.0;;;;0.0;0;
md_452_mystere_2a;12.243;;;5540.0;1400.0;;;450.0;20.0;33.0;0.1,650.0,1.0,450.0;;;;0.0;0;
md_452_mystere_2c_preproduction;12.243;;;5900.0;1400.0;;;450.0;20.0;33.0;0.1,650.0,1.0,450.0;;;;0.0;0;
md_454_mystere_4a;12.9;10.514;32.0;5920.0;1660.0;1166.0;1.05;447.0;0;33.0;0.2,620.0,1.0,408.0;-185500.0,425500.0;1;3750.0,11000.0,13000.0;0.0;0;
md_460;13.9;10.514;35.0;7260.0;1830.0;1265.0;1.47;447.0;20.0;33.0;0.2,620.0,1.0,435.0;-175500.0,485500.0;1;2750.0,8500.0,8700.0;0.0;0;20.0,-16.0,18.0,-17.0
md_460_saar;14.6;10.514;35.0;6970.0;1830.0;1265.0;1.47;447.0;20.0;33.0;0.2,620.0,1.0,435.0;-175500.0,485500.0;1;4600.0,12060.0,12410.0;0.0;0;20.0,-16.0,18.0,-17.0
md_460_sambad;13.9;10.514;35.0;7260.0;1830.0;1265.0;1.47;447.0;20.0;33.0;0.2,620.0,1.0,435.0;-175500.0,485500.0;1;2750.0,8500.0,8700.0;0.0;0;20.0,-16.0,18.0,-17.0
md_500_tow_late;16.0;4.0;0.6;796.0;192.0;300.0;0.6;320.0;0;33.0;0.0,1600.0,0.21,1564.0,0.33,1351.0,1.0,1315.0;-40000.0,83000.0;1;2000.0,6000.0,8200.0;0.0;0;28.6,-28.0,22.6,-21.0
me-163b;5.92;9.3;19.6;1900.0;2010.0;1040.0;1.05;550.0;20.0;33.0;0.1,620.4,1.0,420.4;-91280.0,191280.0;1;100.0,1600.0,2600.0;0.0;0;18.0,-18.0,17.0,-17.0
me-163b-0;5.92;9.3;19.6;1900.0;2010.0;1040.0;1.05;550.0;20.0;33.0;0.1,620.4,1.0,420.4;-91280.0,191280.0;1;100.0,1600.0,2600.0;0.0;0;18.0,-18.0,17.0,-17.0
me-163b-1;5.92;;;1900.0;2010.0;;;550.0;20.0;33.0;0.1,620.4,1.0,420.4;;;;0.0;0;
me-262a-1a;10.58;;;4280.0;1950.0;;;450.0;20.0;33.0;0.1,580.4,1.0,380.4;;;;0.0;0;
me-262a-1a_early;10.58;;;4280.0;1463.0;;;450.0;20.0;33.0;0.1,580.4,1.0,380.4;;;;0.0;0;
me-262a-1a_u4;10.58;;;4280.0;1950.0;;;450.0;20.0;33.0;0.1,580.4,1.0,380.4;;;;0.0;0;
me-262a-1b;10.58;;;4280.0;1950.0;;;450.0;20.0;33.0;0.1,580.4,1.0,380.4;;;;0.0;0;
me-262a-2a;10.58;;;4080.0;1950.0;;;450.0;20.0;33.0;0.1,580.4,1.0,380.4;;;;0.0;0;
me-262a_1_u1;10.58;;;4550.0;1950.0;;;450.0;20.0;33.0;0.1,580.4,1.0,380.4;;;;0.0;0;
me-262c-1a;10.58;;;4995.0;833.0;;;450.0;20.0;33.0;0.1,520.4,1.0,320.4;;;;0.0;0;
me-262c-2b;10.58;;;4775.0;833.0;;;450.0;20.0;33.0;0.1,520.4,1.0,320.4;;;;0.0;0;
me-410a-1;12.15;16.4;36.8;7534.0;1679.0;750.0;0.75;350.0;0;45.0;0.1,480.0,1.0,280.0;-209000.0,560000.0;2;500.0,2700.0,3200.0;70.0;0;17.5,-16.5,16.5,-15.0
me-410a-1_u4;12.15;16.4;36.8;7534.0;1679.0;750.0;0.75;350.0;0;45.0;0.1,480.0,1.0,280.0;-209000.0,560000.0;2;500.0,2700.0,3200.0;70.0;0;17.5,-16.5,16.5,-15.0
me-410b-1;12.15;16.4;36.8;7534.0;1679.0;750.0;0.75;350.0;0;45.0;0.1,480.0,1.0,280.0;-209000.0,560000.0;2;500.0,2700.0,3200.0;70.0;0;17.5,-16.5,16.5,-15.0
me-410b-2_u4;12.15;16.4;36.8;7534.0;1679.0;750.0;0.75;350.0;0;45.0;0.1,480.0,1.0,280.0;-209000.0,560000.0;2;500.0,2700.0,3200.0;70.0;0;17.5,-16.5,16.5,-15.0
me-410b-6_r3;12.15;16.4;36.8;7534.0;1679.0;750.0;0.75;350.0;0;45.0;0.1,480.0,1.0,280.0;-209000.0,560000.0;2;500.0,2700.0,3200.0;70.0;0;17.5,-16.5,16.5,-15.0
me_210_v22_japan;12.35;16.4;36.27;7639.0;1679.0;650.0;0.65;350.0;0;45.0;0.1,480.0,1.0,300.0;-209000.0,560000.0;2;400.0,2700.0,2950.0;0.0;0;17.5,-16.5,16.5,-15.0
me_210a_1;12.15;16.4;36.27;7639.0;1679.0;650.0;0.65;350.0;0;45.0;0.1,480.0,1.0,300.0;-209000.0,560000.0;2;400.0,2700.0,2950.0;0.0;0;17.5,-16.5,16.5,-15.0
me_210ca_1_40_mm_hungary;12.15;16.4;36.27;7820.0;1679.0;650.0;0.65;350.0;0;45.0;0.1,480.0,1.0,300.0;-209000.0,560000.0;2;500.0,2800.0,3150.0;0.0;0;17.5,-16.5,16.5,-15.0
me_210ca_1_hungary;12.15;16.4;36.27;7639.0;1679.0;650.0;0.65;350.0;0;45.0;0.1,480.0,1.0,300.0;-209000.0,560000.0;2;500.0,2800.0,3150.0;0.0;0;17.5,-16.5,16.5,-15.0
me_264;20.9;39.0;118.0;21150.0;17300.0;609.0;0.64;309.0;20.0;33.0;0.1,380.0,1.0,290.0;-532000.0,1064000.0;2;1354.0,3250.0,3650.0;2500.0;0;17.5,-17.0,17.0,-14.0
meteor_fmk3;12.62;13.11;34.68;4280.0;1200.0;850.0;0.83;390.0;20.0;33.0;0.1,520.4,1.0,290.0;-130238.0,280238.0;2;5000.0,16500.0,17000.0;0.0;0;16.5,-13.0,14.0,-12.0
meteor_fmk3_navy;12.62;13.11;34.68;5515.6;1200.0;850.0;0.83;390.0;20.0;33.0;0.1,520.4,1.0,290.0;-130238.0,290238.0;2;8000.0,14700.0,15500.0;0.0;0;16.5,-13.0,14.0,-12.0
meteor_fmk4_lw;12.62;13.11;34.68;5515.6;1200.0;999.0;0.86;390.0;20.0;33.0;0.1,520.4,1.0,290.0;-170238.0,320238.0;2;8000.0,14700.0,15500.0;0.0;0;16.5,-13.0,14.0,-12.0
meteor_fmk4_sw;12.62;11.23;32.56;5515.6;1200.0;999.0;0.86;390.0;20.0;33.0;0.1,520.4,1.0,290.0;-190238.0,370238.0;2;8000.0,14700.0,15500.0;0.0;0;17.0,-13.0,14.0,-12.0
meteor_fmk8;12.62;11.23;32.56;5382.6;1524.0;999.0;0.89;390.0;20.0;33.0;0.1,520.4,1.0,290.0;-170238.0,390238.0;2;8000.0,14700.0,15500.0;0.0;0;17.0,-13.0,14.0,-12.0
meteor_fmk8_belgium;12.62;11.23;32.56;5382.6;2901.0;999.0;0.89;390.0;20.0;33.0;0.1,520.4,1.0,290.0;-170238.0,390238.0;2;8000.0,14700.0,15500.0;0.0;0;17.0,-13.0,14.0,-12.0
meteor_fmk8_reaper;12.62;11.23;32.56;5382.6;1524.0;999.0;0.89;390.0;20.0;33.0;0.1,520.4,1.0,290.0;-170238.0,390238.0;2;8000.0,14700.0,15500.0;0.0;0;17.0,-13.0,14.0,-12.0
meteor_frmk9_iaf;12.62;11.23;32.56;5427.0;1524.0;999.0;0.89;390.0;20.0;33.0;0.1,520.4,1.0,290.0;-170238.0,390238.0;2;8000.0,14700.0,15500.0;0.0;0;17.0,-13.0,14.0,-12.0
meteor_nfmk13;14.8;13.1;34.68;5890.0;1524.0;999.0;0.89;390.0;20.0;33.0;0.1,520.4,1.0,290.0;-170238.0,390238.0;2;8000.0,14700.0,15500.0;0.0;0;17.0,-13.0,14.0,-12.0
mh_60l_dap;16.0;5.8;3.0;5690.0;1110.0;460.0;0.79;420.0;0;33.0;0.0,600.0,0.21,564.0,0.33,351.0,1.0,315.0;-70000.0,130000.0;1;12500.0,20900.0,30000.0;0.0;0;28.6,-28.0,29.6,-28.0
mi-35;17.51;;;8550.0;1790.0;320.0;;420.0;0;33.0;0.0,600.0,0.21,564.0,0.33,351.0,1.0,315.0;;;;0.0;0;
mi_24a;17.51;;;8300.0;1790.0;320.0;;420.0;0;33.0;0.0,600.0,0.21,564.0,0.33,351.0,1.0,315.0;;;;0.0;0;
mi_24p;17.51;;;8690.0;1790.0;320.0;;420.0;0;33.0;0.0,600.0,0.21,564.0,0.33,351.0,1.0,315.0;;;;0.0;0;
mi_24p_german;17.51;;;8690.0;1790.0;320.0;;420.0;0;33.0;0.0,600.0,0.21,564.0,0.33,351.0,1.0,315.0;;;;0.0;0;
mi_24v;17.51;;;8670.0;1790.0;320.0;;420.0;0;33.0;0.0,600.0,0.21,564.0,0.33,351.0,1.0,315.0;;;;0.0;0;
mi_28a_sweden;17.51;4.86;1.8;8570.0;1520.0;520.0;0.79;420.0;0;33.0;0.0,600.0,0.21,564.0,0.33,351.0,1.0,315.0;-300000.0,500000.0;1;7000.0,15000.0,20000.0;0.0;0;25.6,-28.0,22.6,-21.0
mi_28n;17.51;4.86;1.8;8700.0;1520.0;520.0;0.79;420.0;0;33.0;0.0,600.0,0.21,564.0,0.33,351.0,1.0,315.0;-300000.0,500000.0;1;7000.0,15000.0,20000.0;0.0;0;25.6,-28.0,22.6,-21.0
mi_28nm;17.51;4.86;1.8;8900.0;1520.0;520.0;0.79;420.0;0;33.0;0.0,600.0,0.21,564.0,0.33,351.0,1.0,315.0;-300000.0,500000.0;1;7000.0,15000.0,20000.0;0.0;0;25.6,-28.0,22.6,-21.0
mi_35m;17.51;;;8550.0;1790.0;320.0;;420.0;0;33.0;0.0,600.0,0.21,564.0,0.33,351.0,1.0,315.0;;;;0.0;0;
mi_35m_pakistan;17.51;;;8550.0;1790.0;320.0;;420.0;0;33.0;0.0,600.0,0.21,564.0,0.33,351.0,1.0,315.0;;;;0.0;0;
mi_35p;17.51;;;8690.0;1790.0;320.0;;420.0;0;33.0;0.0,600.0,0.21,564.0,0.33,351.0,1.0,315.0;;;;0.0;0;
mi_4av;17.51;;;5900.0;825.0;280.0;;420.0;0;33.0;0.0,600.0,0.21,564.0,0.33,351.0,1.0,315.0;;;;0.0;0;
mi_8amtsh;18.3;6.4;1.2;6900.0;2092.0;520.0;0.79;420.0;0;33.0;0.0,600.0,0.21,564.0,0.33,351.0,1.0,315.0;-300000.0,500000.0;1;7000.0,15000.0,20000.0;0.0;0;25.6,-28.0,22.6,-21.0
mi_8amtsh_vn;18.3;6.4;1.2;7500.0;2092.0;520.0;0.79;420.0;0;33.0;0.0,600.0,0.21,564.0,0.33,351.0,1.0,315.0;-300000.0,500000.0;1;7000.0,15000.0,20000.0;0.0;0;25.6,-28.0,22.6,-21.0
mi_8tb;18.3;6.4;1.2;6900.0;1440.0;520.0;0.79;420.0;0;33.0;0.0,600.0,0.21,564.0,0.33,351.0,1.0,315.0;-300000.0,500000.0;1;5000.0,12000.0,20000.0;0.0;0;25.6,-28.0,22.6,-21.0
mi_8tv;18.3;6.4;1.2;6900.0;1440.0;520.0;0.79;420.0;0;33.0;0.0,600.0,0.21,564.0,0.33,351.0,1.0,315.0;-300000.0,500000.0;1;5000.0,12000.0,20000.0;0.0;0;25.6,-28.0,22.6,-21.0
mig-15;10.1;10.08;20.6;3648.0;1162.0;1132.0;1.1;450.0;0;33.0;0.1,650.0,1.0,450.0;-162000.0,294000.0;1;5000.0,11561.0,16000.0;0.0;0;17.0,-14.0,12.5,-16.0
mig-15_ns23;10.1;10.08;20.6;3508.0;1210.0;1132.0;1.1;450.0;0;33.0;0.1,650.0,1.0,450.0;-124001.0,290001.0;1;5000.0,12300.0,16000.0;0.0;0;17.0,-14.0,12.5,-16.0
mig-15bis_ish;10.1;10.08;20.6;3768.0;1162.0;1132.0;1.1;450.0;0;33.0;0.1,650.0,1.0,450.0;-162000.0,294000.0;1;5000.0,11561.0,16000.0;0.0;0;17.0,-14.0,12.5,-16.0
mig-17;11.264;9.6;22.6;3868.0;1172.0;1150.0;1.1;450.0;0;33.0;0.1,650.0,1.0,450.0;-134001.0,315000.0;1;5000.0,11561.0,16000.0;0.0;0;17.0,-14.0,12.5,-16.0
mig-17f;11.264;9.6;22.6;4022.0;1172.0;1150.0;1.1;450.0;0;33.0;0.1,650.0,1.0,450.0;-138001.0,318000.0;1;5000.0,11561.0,16000.0;0.0;0;17.0,-14.0,12.5,-16.0
mig-17p_lim_5p;11.264;9.6;22.6;4022.0;1171.0;1150.0;1.1;450.0;0;33.0;0.1,650.0,1.0,450.0;-138001.0,318000.0;1;5000.0,11561.0,16000.0;0.0;0;17.0,-14.0,12.5,-16.0
mig-19;13.02;;;5750.0;1800.0;;;577.0;0;33.0;0.2,700.0,0.33,500.0,1.0,450.0;;1;4100.0,11195.0,11600.0;0.0;0;
mig-19j_6a;13.02;;;5750.0;1800.0;;;577.0;0;33.0;0.2,700.0,0.33,500.0,1.0,450.0;;1;4100.0,11195.0,11600.0;0.0;0;
mig-19s;12.54;;;5447.0;1800.0;;;577.0;0;33.0;0.2,700.0,0.33,500.0,1.0,450.0;;1;4100.0,11195.0,11600.0;0.0;0;
mig-21_bis;14.1;;;6030.0;3588.0;1500.0;;700.0;0;55.0;0.1,740.0,1.0,450.4;;1;3000.0,11500.0,14000.0;0.0;0;
mig-21_bis_lazur;14.1;;;6030.0;3588.0;1500.0;;700.0;0;55.0;0.1,740.0,1.0,450.4;;1;3000.0,11500.0,14000.0;0.0;0;
mig-21_bison;14.1;;;6030.0;3588.0;1500.0;;700.0;0;55.0;0.1,740.0,1.0,450.4;;1;3000.0,11500.0,14000.0;0.0;0;
mig-21_f13;14.1;;;5110.0;2426.0;1500.0;;700.0;0;33.0;0.1,740.0,1.0,450.4;;1;3000.0,11500.0,14000.0;0.0;0;
mig-21_mf;14.1;;;5860.0;3484.0;1500.0;;700.0;0;55.0;0.1,740.0,1.0,450.4;;1;3000.0,11500.0,14000.0;0.0;0;
mig-21_pfm;14.1;;;5590.0;2556.0;1500.0;;700.0;0;55.0;0.1,740.0,1.0,450.4;;1;3000.0,11500.0,14000.0;0.0;0;
mig-21_s;14.1;;;5860.0;3484.0;1500.0;;700.0;0;55.0;0.1,740.0,1.0,450.4;;1;3000.0,11500.0,14000.0;0.0;0;
mig-21_smt;14.1;;;5950.0;3853.0;1500.0;;700.0;0;55.0;0.1,740.0,1.0,450.4;;1;3000.0,11500.0,14000.0;0.0;0;
mig-9;9.75;;;3505.0;1289.0;;;380.0;0;33.0;0.1,480.0,1.0,300.0;;;;0.0;0;
mig-9_ussr;9.75;;;3655.0;1289.0;;;380.0;0;33.0;0.1,480.0,1.0,300.0;;;;0.0;0;
mig_21_2000_iaf;14.1;;;6030.0;3588.0;1500.0;;700.0;0;55.0;0.1,740.0,1.0,450.4;;1;3000.0,11500.0,14000.0;0.0;0;
mig_21_bis_finland;14.1;;;6030.0;3056.0;1500.0;;700.0;0;55.0;0.1,740.0,1.0,450.4;;1;3000.0,11500.0,14000.0;0.0;0;
mig_23bn;16.7;;;10800.0;5320.0;1370.0;;630.0;0;50.0;0.2,700.0,0.33,570.0,1.0,473.0;;1;3995.0,8550.0,9100.0;0.0;0;
mig_23m;16.7;;;11050.0;4750.0;1400.0;;630.0;0;50.0;0.2,700.0,0.33,570.0,1.0,473.0;;1;3995.0,8550.0,9100.0;0.0;0;
mig_23mf;16.7;;;11050.0;4750.0;1400.0;;630.0;0;50.0;0.2,700.0,0.33,570.0,1.0,473.0;;1;3995.0,8550.0,9100.0;0.0;0;
mig_23ml;16.7;;;10600.0;4350.0;1400.0;;630.0;0;50.0;0.2,700.0,0.33,570.0,1.0,473.0;;1;3995.0,8500.0,9100.0;0.0;0;
mig_23mla;16.7;;;10450.0;4350.0;1400.0;;630.0;0;50.0;0.2,700.0,0.33,570.0,1.0,473.0;;1;3995.0,8500.0,9100.0;0.0;0;
mig_23mld;16.7;;;10600.0;4350.0;1400.0;;630.0;0;50.0;0.2,700.0,0.33,570.0,1.0,473.0;;1;3995.0,8500.0,9100.0;0.0;0;
mig_25pd;23.4;14.0;64.0;18850.0;19200.0;1320.0;3.04225;700.0;0;90.0;0.2,1018.0,1.0,600.0;-400000.0,1100000.0;1;8250.0,13300.0,14300.0;0.0;0;20.0,-18.0,22.0,-15.0
mig_27k;16.7;;;11500.0;5535.0;1370.0;;630.0;0;50.0;0.2,700.0,0.33,570.0,1.0,473.0;;1;3995.0,8550.0,9100.0;0.0;0;
mig_27m;16.7;;;11500.0;5535.0;1370.0;;630.0;0;50.0;0.2,700.0,0.33,570.0,1.0,473.0;;1;3995.0,8550.0,9100.0;0.0;0;
mig_29_9_12_germany;15.1;11.36;37.98;10885.0;4478.0;1575.0;2.35;700.0;0;90.0;0.2,1218.0,1.0,463.0;-390000.0,910000.0;1;5500.0,8350.0,8950.0;0.0;0;30.0,-20.0,29.0,-22.0
mig_29_9_12b_hungary;15.1;11.36;37.98;10885.0;4478.0;1575.0;2.35;700.0;0;90.0;0.2,1218.0,1.0,463.0;-390000.0,910000.0;1;5500.0,8350.0,8950.0;0.0;0;30.0,-20.0,29.0,-22.0
mig_29_9_12g;15.1;11.36;37.98;10950.0;4478.0;1575.0;2.35;700.0;0;90.0;0.2,1218.0,1.0,463.0;-390000.0,910000.0;1;5500.0,8350.0,8950.0;0.0;0;30.0,-20.0,29.0,-22.0
mig_29_9_13;15.1;11.36;37.98;11010.0;4628.0;1575.0;2.35;700.0;0;90.0;0.2,1218.0,1.0,463.0;-390000.0,910000.0;1;5500.0,8350.0,8950.0;0.0;0;30.0,-20.0,29.0,-22.0
mig_29kr_9_41r;15.1;11.9;45.0;12500.0;10835.0;1470.0;2.15;700.0;0;90.0;0.2,1218.0,1.0,463.0;-500000.0,1050000.0;1;7250.0,11000.0,16000.0;0.0;0;34.0,-20.0,32.0,-22.0
mig_29m_9_15;15.1;11.36;37.98;11600.0;5635.0;1575.0;2.35;700.0;0;90.0;0.2,1218.0,1.0,463.0;-390000.0,910000.0;1;5500.0,8350.0,8950.0;0.0;0;34.0,-20.0,32.0,-22.0
mig_29smt_9_19;15.1;11.36;37.98;11550.0;5900.0;1575.0;2.35;700.0;0;90.0;0.2,1218.0,1.0,463.0;-390000.0,910000.0;1;5500.0,8350.0,8950.0;0.0;0;30.0,-20.0,29.0,-22.0
mig_35;15.1;11.9;45.0;11300.0;10835.0;1470.0;2.15;700.0;0;90.0;0.2,1218.0,1.0,463.0;-500000.0,1050000.0;1;7250.0,11000.0,16000.0;0.0;0;34.0,-20.0,32.0,-22.0
mig_3_series_1_15;8.255;;;2780.0;335.0;677.0;;320.0;20.0;33.0;0.1,480.0,1.0,280.0;;1;450.0,2050.0,2250.0;0.0;0;
mig_3_series_1_15_bk_pod;8.255;;;2920.0;335.0;677.0;;320.0;20.0;33.0;0.1,480.0,1.0,280.0;;1;450.0,2050.0,2250.0;0.0;0;
mig_3_series_34;8.255;;;2798.0;335.0;677.0;;320.0;20.0;33.0;0.1,480.0,1.0,280.0;;1;450.0,2050.0,2250.0;0.0;0;
mig_3_series_pod;8.255;;;2870.0;;;;;20.0;33.0;;;;;0.0;0;
mirage_2000_5ei;15.3;9.0;40.8;7370.0;4205.0;1545.0;2.35;426.0;0;33.0;0.2,1300.0,0.33,389.0,1.0,389.0;-250000.0,590000.0;1;3800.0,10200.0,12000.0;0.0;0;30.0,-22.0,30.0,-22.0
mirage_2000_5f;15.3;9.0;40.8;7450.0;4205.0;1545.0;2.35;426.0;0;33.0;0.2,1300.0,0.33,389.0,1.0,389.0;-250000.0,590000.0;1;3800.0,10200.0,12000.0;0.0;0;30.0,-22.0,30.0,-22.0
mirage_2000c_s5;15.3;9.0;40.8;7470.0;4205.0;1545.0;2.35;426.0;0;33.0;0.2,1300.0,0.33,389.0,1.0,389.0;-250000.0,590000.0;1;3800.0,10200.0,12000.0;0.0;0;30.0,-22.0,30.0,-22.0
mirage_2000d_r1;15.3;9.0;40.8;7590.0;4205.0;1545.0;2.35;426.0;0;33.0;0.2,1300.0,0.33,389.0,1.0,389.0;-250000.0,590000.0;1;3800.0,10200.0,12000.0;0.0;0;30.0,-22.0,30.0,-22.0
mirage_2000d_rmv;15.3;9.0;40.8;7610.0;4205.0;1545.0;2.35;426.0;0;33.0;0.2,1300.0,0.33,389.0,1.0,389.0;-250000.0,590000.0;1;3800.0,10200.0,12000.0;0.0;0;30.0,-22.0,30.0,-22.0
mirage_3c;14.77;8.22;31.8;6240.0;4432.0;1460.0;2.1;426.0;0;33.0;0.2,1300.0,0.33,389.0,1.0,389.0;-190000.0,480000.0;2;2750.0,8450.0,10000.0;0.0;0;29.0,-22.0,29.0,-22.0
mirage_3cj;14.77;8.22;31.8;6240.0;3039.0;1460.0;2.1;426.0;0;33.0;0.2,1300.0,0.33,389.0,1.0,389.0;-190000.0,480000.0;2;2750.0,8450.0,10000.0;0.0;0;29.0,-22.0,29.0,-22.0
mirage_3e;14.77;8.22;31.8;7025.0;4960.0;1460.0;2.1;426.0;0;33.0;0.2,1300.0,0.33,389.0,1.0,389.0;-190000.0,480000.0;2;2750.0,8400.0,10000.0;0.0;0;29.0,-22.0,29.0,-22.0
mirage_3s_c70_switzerland;14.77;8.22;34.4;7025.0;2918.0;1460.0;2.1;426.0;0;33.0;0.2,1300.0,0.33,389.0,1.0,389.0;-240000.0,570000.0;3;2750.0,8400.0,10000.0;0.0;0;33.0,-27.0,35.0,-27.0
mirage_4000;18.7;12.0;72.0;12900.0;12700.0;1555.0;2.35;426.0;0;33.0;0.2,1300.0,0.33,389.0,1.0,389.0;-480000.0,990000.0;1;3800.0,10200.0,12000.0;0.0;0;29.0,-22.0,29.0,-22.0
mirage_5_nesher;15.01;8.22;31.8;7190.0;3173.0;1460.0;2.1;426.0;0;33.0;0.2,1300.0,0.33,389.0,1.0,389.0;-190000.0,490000.0;1;2750.0,8400.0,10000.0;0.0;0;29.0,-22.0,29.0,-22.0
mirage_5ba;15.01;8.22;31.8;7190.0;5160.0;1460.0;2.1;426.0;0;33.0;0.2,1300.0,0.33,389.0,1.0,389.0;-190000.0,490000.0;1;2750.0,8400.0,10000.0;0.0;0;29.0,-22.0,29.0,-22.0
mirage_5f;15.01;8.22;31.8;7150.0;5100.0;1460.0;2.1;426.0;0;33.0;0.2,1300.0,0.33,389.0,1.0,389.0;-190000.0,490000.0;1;2750.0,8400.0,10000.0;0.0;0;29.0,-22.0,29.0,-22.0
mirage_f1c;15.25;8.4;24.96;7930.0;6313.0;1457.0;2.2;444.0;27.0;33.0;0.3,814.0,0.5,555.0,1.0,416.4;-310000.0,670000.0;1;2750.0,8900.0,10000.0;0.0;0;25.0,-20.0,28.0,-21.0
mirage_f1c_200;15.25;8.4;24.96;7960.0;6313.0;1457.0;2.2;444.0;27.0;33.0;0.3,814.0,0.5,555.0,1.0,416.4;-310000.0,670000.0;1;2750.0,8900.0,10000.0;0.0;0;25.0,-20.0,28.0,-21.0
mirage_milan;15.01;8.22;31.8;7150.0;2296.0;1460.0;2.1;426.0;0;33.0;0.2,4300.0,0.33,3900.0,1.0,3600.0;-190000.0,480000.0;1;2750.0,8900.0,10000.0;0.0;0;29.0,-22.0,29.0,-22.0
morko_morane;8.17;10.62;16.04;2179.0;299.0;756.0;0.76;320.0;20.0;33.0;0.1,410.0,1.0,270.0;-110001.0,165001.0;1;500.0,2700.0,3000.0;0.0;0;16.2,-15.5,14.7,-13.0
mosquito_b_mk16;12.44;16.51;40.468;6683.0;1467.0;720.0;0.715;315.0;20.0;33.0;0.1,416.0,0.33,356.0,1.0,264.0;-145000.0,333040.0;2;450.0,3000.0,3300.0;0.0;0;16.1,-15.4,14.8,-14.2
mosquito_f_mk2_norway;12.44;16.51;40.468;6472.5;1374.0;720.0;0.715;315.0;20.0;33.0;0.1,416.0,0.33,356.0,1.0,264.0;-145000.0,333040.0;2;450.0,3000.0,3300.0;0.0;0;16.1,-15.4,14.8,-14.2
mosquito_fb_mk18;12.44;16.51;40.468;7679.0;2121.0;720.0;0.715;315.0;20.0;33.0;0.1,416.0,0.33,356.0,1.0,264.0;-145000.0,333040.0;2;450.0,3000.0,3300.0;0.0;0;17.5,-12.0,14.0,-12.0
mosquito_fb_mk6;12.44;16.51;40.468;6819.0;1467.0;720.0;0.715;315.0;20.0;33.0;0.1,416.0,0.33,356.0,1.0,264.0;-145000.0,333040.0;2;450.0,3000.0,3300.0;0.0;0;17.5,-12.0,14.0,-12.0
mosquito_fb_mk6_ash_norway;12.44;16.51;40.468;6709.0;1467.0;720.0;0.715;315.0;20.0;33.0;0.1,416.0,0.33,356.0,1.0,264.0;-145000.0,333040.0;2;450.0,3000.0,3300.0;0.0;0;16.1,-15.4,14.8,-14.2
mosquito_j30_sweden;12.44;16.51;40.468;7325.0;1467.0;720.0;0.715;315.0;20.0;33.0;0.1,416.0,0.33,356.0,1.0,264.0;-145000.0,333040.0;2;450.0,3000.0,3300.0;0.0;0;17.5,-12.0,14.0,-12.0
mosquito_nf_mk2;12.44;16.51;40.468;6172.5;1374.0;720.0;0.715;315.0;20.0;33.0;0.1,416.0,0.33,356.0,1.0,264.0;-145000.0,333040.0;2;450.0,3000.0,3300.0;0.0;0;16.1,-15.4,14.8,-14.2
mosquito_tr_mk33;12.44;16.51;40.468;7325.0;1467.0;720.0;0.715;315.0;20.0;33.0;0.1,416.0,0.33,356.0,1.0,264.0;-145000.0,333040.0;2;450.0,3000.0,3300.0;0.0;0;17.5,-12.0,14.0,-12.0
ms_405;8.17;10.62;16.04;2029.0;299.0;756.0;0.76;320.0;20.0;43.0;0.1,410.0,1.0,270.0;-110001.0,165001.0;1;450.0,2401.0,2590.0;0.0;0;16.2,-15.5,14.7,-13.0
ms_406c1;8.17;10.62;16.04;2039.0;299.0;756.0;0.76;320.0;20.0;43.0;0.1,410.0,1.0,270.0;-110001.0,165001.0;1;450.0,2401.0,2570.0;0.0;0;16.2,-15.5,14.7,-13.0
ms_410c1;8.17;10.62;16.04;2118.0;299.0;756.0;0.76;320.0;20.0;43.0;0.1,410.0,1.0,270.0;-110001.0,165001.0;1;450.0,2401.0,2570.0;0.0;0;16.2,-15.5,14.7,-13.0
n1k1_ja;8.89;;;2849.0;576.7;;;280.0;20.0;33.0;0.1,470.0,1.0,280.0;;;;126.0;0;
n1k1_kyuofu;10.589;11.99;21.36;2809.0;481.0;600.0;0.7;600.0;20.0;33.0;0.1,470.0,1.0,280.0;-127138.0,116106.0;1;450.0,2450.0,2700.0;0.0;0;16.5,-14.5,15.0,-13.01
n1k2_j;9.29;11.99;23.5;3125.0;522.6;780.0;0.8;450.0;20.0;33.0;0.1,520.4,1.0,320.4;-175654.0,215654.0;1;400.0,3000.0,3493.27;126.0;0;16.5,-14.5,15.0,-13.01
nc_223_3;21.81;;;10553.0;4467.0;;;320.0;20.0;33.0;0.1,520.4,1.0,260.0;;4;400.0,2520.0,3100.0;0.0;0;
nf_5a_netherlands;14.48;;;4390.0;3392.0;1380.0;;444.0;20.0;99.0;0.2,926.0,1.0,555.0;;1;5500.0,16500.0,17500.0;0.0;0;
night_fighter_mk_2;14.63;;;7265.0;;;;;20.0;33.0;;;;;0.0;0;
nimrod_mk1;8.24;;;1335.0;161.0;;;600.0;0;33.0;0.1,520.4,1.0,320.4;;1;450.0,2500.0,3000.0;0.0;0;
nimrod_mk2;8.24;;;1560.0;161.0;;;600.0;0;33.0;0.1,520.4,1.0,320.4;;1;450.0,2900.0,3000.0;0.0;0;
nt_b_52h;48.0;56.0;366.0;78100.0;141600.0;910.0;0.95;450.0;20.0;50.0;0.1,482.0,1.0,352.0;-1400000.0,2800000.0;1;5000.0,8300.0,9000.0;0.0;0;18.0,-13.35,17.0,-22.0
nt_tu_95m;46.17;50.04;283.7;83122.0;84960.0;690.0;0.86;450.0;20.0;33.0;0.1,520.0,1.0,352.0;-1400000.0,3100000.0;1;6600.0,8350.0,15000.0;0.0;0;16.0,-13.35,16.5,-15.0
o3u_1;8.42;10.52;31.31;1812.0;172.0;450.0;0.45;400.0;20.0;33.0;0.1,520.4,1.0,320.4;-2147440000.0,2147440000.0;1;450.0,2100.0,2600.0;0.0;0;18.5,-12.9,16.0,-15.0
oh_58d;10.48;4.0;1.2;1380.0;324.0;300.0;0.6;320.0;0;33.0;0.0,1600.0,0.21,1564.0,0.33,1351.0,1.0,1315.0;-40000.0,83000.0;1;2000.0,6000.0,8200.0;0.0;0;28.6,-28.0,22.6,-21.0
os2u_1;10.31;10.94;25.7;1400.0;381.57;405.0;0.55;350.0;20.0;33.0;0.1,360.0,1.0,160.0;-180178.0,180178.0;1;300.0,2300.0,2450.0;0.0;0;18.4,-17.4,17.6,-14.9
os2u_3;10.31;10.94;25.7;1937.0;381.57;405.0;0.55;350.0;20.0;33.0;0.1,360.0,1.0,160.0;-180178.0,180178.0;1;300.0,2300.0,2450.0;0.0;0;18.4,-17.4,17.6,-14.9
osprey_mk4;8.94;11.28;31.49;1787.0;261.0;450.0;0.75;450.0;0;33.0;0.1,520.4,1.0,320.4;-40208.0,88458.0;1;450.0,2900.0,3000.0;0.0;0;18.0,-16.0,18.0,-16.0
p-26a_33;7.19;8.525;13.89;1088.0;290.0;508.0;0.7;508.0;0;33.0;0.1,500.0,1.0,240.0;-62021.0,87417.0;1;500.0,2200.0,2500.0;0.0;0;18.0,-8.0,18.0,-10.0
p-26a_34;7.19;8.525;13.89;1088.0;290.0;508.0;0.7;508.0;0;33.0;0.1,500.0,1.0,240.0;-62021.0,87417.0;1;500.0,2200.0,2500.0;0.0;0;18.0,-8.0,18.0,-10.0
p-26a_34_m2;7.19;8.525;13.89;1133.0;290.0;508.0;0.7;508.0;0;33.0;0.1,500.0,1.0,240.0;-62021.0,87417.0;1;500.0,2200.0,2500.0;0.0;0;18.0,-8.0,18.0,-10.0
p-26a_35;7.19;;;1141.0;290.0;;;508.0;0;33.0;0.1,500.0,1.0,240.0;;;;0.0;0;
p-26b_35;7.19;8.525;13.89;1141.0;290.0;508.0;0.7;508.0;0;33.0;0.1,500.0,1.0,240.0;-62021.0,87417.0;1;500.0,2200.0,2500.0;0.0;0;18.0,-8.0,18.0,-10.0
p-36a;8.69;;;2068.0;443.6;;;290.0;20.0;33.0;0.1,520.4,1.0,232.0;;;;0.0;0;
p-36a_rasmussen;8.69;;;2068.0;443.6;;;290.0;20.0;33.0;0.1,520.4,1.0,232.0;;;;0.0;0;
p-36c;8.69;;;2122.0;379.8;;;290.0;20.0;33.0;0.1,520.4,1.0,232.0;;;;0.0;0;
p-36g;8.69;;;2172.0;379.7;;;290.0;20.0;33.0;0.1,520.4,1.0,232.0;;;;0.0;0;
p-38e;11.56;;;5920.0;820.0;;;289.0;20.0;33.0;0.1,620.0,0.5,403.0,1.0,250.0;;;;0.0;0;
p-38g;11.56;;;6050.0;820.0;;;289.0;20.0;33.0;0.1,620.0,0.5,403.0,1.0,250.0;;;;0.0;0;
p-38j;11.56;;;6480.0;1114.0;;;289.0;20.0;33.0;0.1,620.0,0.5,403.0,1.0,250.0;;;;0.0;0;
p-38k;11.56;15.8496;30.42;6510.0;820.0;790.0;0.74;289.0;20.0;33.0;0.1,620.0,0.5,403.0,1.0,250.0;-190000.0,358917.0;2;600.0,3005.0,3350.0;100.0;0;16.5,-18.0,19.0,-18.0
p-38l;11.56;;;6510.0;1114.0;;;289.0;20.0;33.0;0.1,620.0,0.5,403.0,1.0,250.0;;;;0.0;0;
p-39k_1;9.194;10.36;19.862;2955.5;326.6;886.0;0.81;322.0;20.0;33.0;0.1,420.0,0.5,340.0,1.0,233.0;-158128.0,212538.0;1;400.0,3000.0,3300.0;0.0;0;16.0,-15.2,15.0,-14.0
p-39n;9.194;10.36;19.862;2940.8;236.775;886.0;0.81;322.0;20.0;33.0;0.1,450.0,1.0,241.0;-149764.0,199685.0;1;650.0,3000.0,3300.0;0.0;0;16.0,-15.2,14.5,-14.0
p-39n_su;9.194;10.36;19.862;2786.8;236.775;886.0;0.81;322.0;20.0;33.0;0.1,450.0,1.0,241.0;-149764.0,199685.0;1;650.0,3000.0,3300.0;0.0;0;16.0,-15.2,14.5,-14.0
p-39q_15;9.194;10.36;19.862;2786.8;334.0;886.0;0.81;322.0;20.0;33.0;0.1,450.0,1.0,241.0;-149764.0,199685.0;1;650.0,3000.0,3300.0;0.0;0;16.0,-15.2,14.5,-14.0
p-39q_25;9.194;10.36;19.862;2786.8;334.0;886.0;0.81;322.0;20.0;33.0;0.1,450.0,1.0,241.0;-149764.0,199685.0;1;650.0,3000.0,3300.0;0.0;0;16.0,-15.2,14.5,-14.0
p-39q_5;9.194;10.36;19.862;2910.0;236.76;886.0;0.81;322.0;20.0;33.0;0.1,450.0,1.0,241.0;-149764.0,199685.0;1;650.0,3000.0,3300.0;0.0;0;16.0,-15.2,14.5,-14.0
p-400;9.194;10.36;19.862;3020.0;326.6;886.0;0.81;322.0;20.0;33.0;0.1,420.0,0.5,340.0,1.0,233.0;-158128.0,212538.0;1;400.0,3000.0,3300.0;0.0;0;16.0,-15.2,15.0,-14.0
p-40c;9.68;11.3665;21.93;2983.0;370.0;795.0;0.78;300.0;20.0;33.0;0.1,645.0,0.5,445.0,1.0,245.0;-103998.0,226905.0;1;600.0,3000.0,3600.0;0.0;0;17.57,-15.0,17.0,-15.0
p-40c_china;9.68;11.3665;21.93;2983.0;370.0;795.0;0.78;300.0;20.0;33.0;0.1,645.0,0.5,445.0,1.0,245.0;-103998.0,226905.0;1;600.0,3000.0,3600.0;0.0;0;17.57,-15.0,17.0,-15.0
p-40e;9.665;11.3665;21.93;3276.0;403.0;819.0;0.78;300.0;20.0;33.0;0.1,645.0,0.5,445.0,1.0,245.0;-103998.0,226905.0;1;600.0,3000.0,3120.0;0.0;0;17.57,-15.0,17.0,-15.0
p-40f;10.153;11.3665;21.93;3358.0;403.0;819.0;0.81;300.0;20.0;33.0;0.1,645.0,0.5,445.0,1.0,245.0;-103998.0,226905.0;1;600.0,3000.0,3180.0;0.0;0;17.57,-15.0,17.0,-15.0
p-47d;10.617;12.444;26.62;4970.5;1033.1;885.0;0.9;450.0;20.0;33.0;0.1,520.4,1.0,320.4;-166000.0,385000.0;1;600.0,2700.0,3100.0;113.0;0;16.0,-15.4,15.0,-12.2
p-47d-28;10.617;12.444;26.62;4970.5;1033.1;885.0;0.9;450.0;20.0;33.0;0.1,520.4,1.0,320.4;-166000.0,385000.0;1;600.0,2700.0,3100.0;113.0;0;16.0,-15.4,15.0,-12.2
p-47d-30;10.617;12.444;26.62;4970.5;1033.1;885.0;0.9;450.0;20.0;33.0;0.1,520.4,1.0,320.4;-166000.0,385000.0;1;600.0,2700.0,3100.0;113.0;0;16.0,-15.4,15.0,-12.2
p-47d_16_re;10.617;12.444;26.62;4970.5;843.15;885.0;0.9;450.0;20.0;33.0;0.1,520.4,1.0,320.4;-166000.0,385000.0;1;600.0,2700.0,3100.0;113.0;0;16.0,-15.4,15.0,-12.2
p-47d_22_re;10.617;12.444;26.62;4838.38;843.15;885.0;0.9;450.0;20.0;33.0;0.1,520.4,1.0,320.4;-166000.0,385000.0;1;600.0,2700.0,3100.0;113.0;0;16.0,-15.4,15.0,-12.2
p-47d_23_re;10.617;12.444;26.62;4838.38;843.15;885.0;0.9;450.0;20.0;33.0;0.1,520.4,1.0,320.4;-166000.0,385000.0;1;600.0,2700.0,3100.0;113.0;0;16.0,-15.4,15.0,-12.2
p-47d_ussr;10.617;12.444;26.62;4970.5;1033.1;885.0;0.9;450.0;20.0;33.0;0.1,520.4,1.0,320.4;-166000.0,385000.0;1;600.0,2700.0,3100.0;113.0;0;16.0,-15.4,15.0,-12.2
p-47m-1-re;10.617;12.444;26.62;4855.0;1050.0;885.0;0.9;450.0;20.0;33.0;0.1,520.4,1.0,320.4;-166000.0,385000.0;1;600.0,2800.0,3100.0;113.56;0;16.0,-15.4,15.0,-12.2
p-47n-15;10.617;12.954;29.98;5426.42;1516.0;950.0;0.95;450.0;20.0;33.0;0.1,520.4,1.0,300.0;-330281.0,440375.0;1;600.0,2800.0,3100.0;113.56;0;17.0,-13.4,16.0,-12.2
p-51_a-36;9.796;11.29;21.91;3418.0;490.0;855.0;0.85;287.0;20.0;33.0;0.2,652.0,0.4,450.0,0.6,370.0,0.8,298.0,1.0,279.0;-117794.0,235587.0;1;600.0,3000.0,3120.0;0.0;0;18.0,-15.0,13.0,-12.0
p-51_mk1a_usaaf;9.82067;;;3307.0;490.0;855.0;;287.0;20.0;33.0;0.2,652.0,0.4,450.0,0.6,370.0,0.8,298.0,1.0,279.0;;1;600.0,3000.0,3225.0;0.0;0;
p-51a_tl;9.82067;;;3208.0;490.0;;;287.0;20.0;33.0;0.2,652.0,0.4,450.0,0.6,370.0,0.8,298.0,1.0,279.0;;1;600.0,3000.0,3200.0;0.0;0;
p-51b;9.82067;11.285;21.91;3307.0;490.0;855.0;0.85;287.0;20.0;33.0;0.2,652.0,0.4,450.0,0.6,370.0,0.8,298.0,1.0,279.0;-114147.0,228293.0;1;600.0,3000.0,3120.0;0.0;0;18.0,-15.0,14.0,-12.0
p-51c-10-nt;9.838;11.286;22.29;3484.0;734.0;853.0;0.84;287.0;10.0;20.0;0.2,676.0,0.4,464.0,1.0,278.0;-110853.0,243877.0;1;600.0,3000.0,3120.0;0.0;0;18.0,-15.0,17.0,-16.0
p-51c-10_france;9.838;11.286;22.29;3484.0;503.0;853.0;0.84;287.0;10.0;20.0;0.2,676.0,0.4,464.0,1.0,278.0;-110853.0,243877.0;1;600.0,3000.0,3240.0;0.0;0;18.0,-15.0,17.0,-16.0
p-51c-11-nt_china;9.838;11.286;22.29;3484.0;734.0;853.0;0.84;287.0;10.0;20.0;0.2,676.0,0.4,464.0,1.0,278.0;-110853.0,243877.0;1;600.0,3000.0,3240.0;0.0;0;18.0,-15.0,17.0,-16.0
p-51d-10;9.838;;;3694.0;734.0;;;281.0;20.0;33.0;0.2,644.0,0.4,442.0,0.6,362.0,0.8,289.0,1.0,265.0;;;;0.0;0;
p-51d-20-na;9.838;;;3694.0;734.0;901.0;;281.0;20.0;33.0;0.2,644.0,0.4,442.0,0.6,362.0,0.8,289.0,1.0,265.0;;1;600.0,3000.0,3240.0;0.0;0;
p-51d-30_usaaf_korea;9.838;;;3630.0;734.0;910.0;;281.0;20.0;33.0;0.2,644.0,0.4,442.0,0.6,362.0,0.8,289.0,1.0,265.0;;1;600.0,3000.0,3240.0;0.0;0;
p-51d-5;9.838;;;3714.0;734.0;855.0;;281.0;20.0;33.0;0.2,644.0,0.4,442.0,0.6,362.0,0.8,289.0,1.0,265.0;;1;600.0,3000.0,3240.0;0.0;0;
p-51h-5_na;10.16;;;3387.0;693.0;;;281.0;20.0;33.0;0.2,655.0,0.4,455.0,0.67,375.0,0.89,302.0,1.0,270.0;;;;39.0;0;
p-61a_1;14.9;20.11;61.5;10850.0;1714.0;642.0;0.8;350.0;20.0;33.0;0.3,340.0,1.0,280.0;-210000.0,485000.0;1;600.0,2700.0,3100.0;98.4;0;16.2,-13.0,16.5,-16.0
p-61c_1;14.9;20.11;61.5;11580.0;1714.0;726.0;0.8;350.0;20.0;33.0;0.3,340.0,1.0,280.0;-210000.0,485000.0;2;600.0,2800.0,3100.0;242.0;0;16.2,-13.0,16.5,-16.0
p-63a-10;10.028;11.683;23.038;3431.0;344.0;887.0;0.81;304.0;20.0;33.0;0.1,393.0,1.0,262.0;-119000.0,238000.0;1;600.0,3001.0,3150.0;84.7;0;16.7,-12.0,14.1,-14.6
p-63a-5;10.028;11.683;23.038;3249.0;370.0;887.0;0.81;304.0;20.0;33.0;0.1,393.0,1.0,262.0;-119000.0,238000.0;1;600.0,3001.0,3120.0;0.0;0;16.7,-12.0,14.1,-14.6
p-63c-5;10.028;11.683;23.038;3471.0;344.0;887.0;0.81;304.0;20.0;33.0;0.1,393.0,1.0,262.0;-119000.0,238000.0;1;600.0,3001.0,3150.0;84.7;0;16.7,-12.0,14.1,-14.6
p-63c-5_france;10.028;11.683;23.038;3471.0;344.0;887.0;0.81;304.0;20.0;33.0;0.1,393.0,1.0,262.0;-119000.0,238000.0;1;600.0,3001.0,3150.0;84.7;0;16.7,-12.0,14.1,-14.6
p-66;8.661;;;2551.0;490.0;;;280.0;20.0;33.0;0.1,480.0,0.5,340.0,1.0,280.0;;1;500.0,2700.0,3060.0;0.0;0;
p1y1_mod11;15.0;20.0;56.24;7265.0;2757.0;680.0;0.75;275.0;20.0;33.0;0.1,450.0,1.0,275.0;-165000.0,334425.0;2;450.0,2900.0,3200.0;0.0;0;15.5,-13.0,13.5,-12.0
p_108a_serie2;22.1;32.0;135.34;19030.0;6950.0;515.0;0.65;290.0;20.0;33.0;0.1,400.0,1.0,249.0;-300000.0,450000.0;4;450.0,2101.0,2300.0;0.0;0;17.0,-17.0,16.5,-8.0
p_108b_serie1;22.92;;;17811.0;6950.0;;;290.0;20.0;33.0;0.1,400.0,1.0,249.0;;;;0.0;0;
p_108b_serie2;22.92;;;17991.0;6950.0;;;290.0;20.0;33.0;0.1,400.0,1.0,249.0;;;;0.0;0;
p_43a_1;8.5344;;;2666.16;395.0;;;281.0;20.0;33.0;0.1,450.0,1.0,241.38;;;;0.0;0;
p_51b_7_sweden;9.838;;;3484.0;734.0;850.0;;287.0;10.0;20.0;0.2,676.0,0.4,464.0,1.0,278.0;;1;600.0,3000.0,3240.0;0.0;0;
p_59a;12.62;;;3710.0;855.0;;;390.0;20.0;33.0;0.1,520.4,1.0,290.0;;;;0.0;0;
pandora_mk_1;14.63;;;7265.0;;;;;20.0;33.0;;;;;0.0;0;
pb4y-2;22.733;33.528;97.359;18338.0;6434.02;599.0;0.61;263.0;0;33.0;0.1,394.0,1.0,263.0;-246800.0,494500.0;4;600.0,2800.0,2950.0;0.0;0;11.0,-12.5,11.5,-13.0
pb4y-2_china;22.733;33.528;97.359;18338.0;6434.02;599.0;0.61;263.0;0;33.0;0.1,394.0,1.0,263.0;-246800.0,494500.0;4;600.0,2800.0,2950.0;0.0;0;11.0,-12.5,11.5,-13.0
pb4y-2_france;22.733;33.528;97.359;18338.0;6434.02;599.0;0.61;263.0;0;33.0;0.1,394.0,1.0,263.0;-246800.0,494500.0;4;600.0,2800.0,2950.0;0.0;0;11.0,-12.5,11.5,-13.0
pbj_1h;15.636;20.604;56.97;10565.0;2654.0;591.0;0.65;294.0;20.0;33.0;0.1,430.0,0.33,320.0,1.0,294.0;-177470.0,325660.0;2;600.0,2600.0,2880.0;0.0;0;14.25,-13.2,13.5,-15.0
pbj_1j;16.368;20.604;56.97;10087.0;2654.0;591.0;0.65;294.0;20.0;33.0;0.1,430.0,0.33,320.0,1.0,294.0;-177470.0,325660.0;2;600.0,2600.0,2880.0;0.0;0;14.25,-13.2,13.5,-15.0
pbm_1;23.4;;;12593.0;5527.9;388.88;;450.0;20.0;33.0;0.1,520.4,1.0,320.4;;2;400.0,2400.0,3120.0;0.0;0;
pbm_3;24.0;;;12805.0;5618.9;405.0;;450.0;20.0;33.0;0.1,340.0,1.0,280.0;;2;500.0,2600.0,3120.0;0.0;0;
pbm_5a;24.0;35.9664;140.86;18827.0;5726.16;405.0;0.75;450.0;30.0;60.0;0.1,520.4,1.0,320.4;-232539.0,465078.0;2;400.0,2800.0,3120.0;0.0;0;17.5,-12.0,17.0,-11.0
pby-5;19.4824;31.72;130.0644;8522.0;3424.0;405.0;0.75;450.0;0;33.0;0.1,520.4,1.0,320.4;-204033.0,204033.0;2;400.0,2700.0,3060.0;0.0;0;15.0,-13.5,16.0,-13.5
pby-5a;19.4824;31.72;130.0644;8522.0;3424.0;405.0;0.75;450.0;20.0;33.0;0.1,520.4,1.0,320.4;-204033.0,204033.0;2;400.0,2700.0,3060.0;0.0;0;14.5,-13.5,13.0,-13.5
pby-5a_late;19.4824;31.72;130.0644;8522.0;3424.0;405.0;0.75;450.0;20.0;33.0;0.1,520.4,1.0,320.4;-204033.0,204033.0;2;400.0,2700.0,3060.0;0.0;0;14.5,-13.5,13.0,-13.5
pby-5a_late_france;19.4824;31.72;130.0644;8522.0;3424.0;405.0;0.75;450.0;20.0;33.0;0.1,520.4,1.0,320.4;-204033.0,204033.0;2;400.0,2700.0,3060.0;0.0;0;14.5,-13.5,13.0,-13.5
pe-2-1;12.241;17.15;40.5;6002.0;1110.55;760.0;0.75;450.0;20.0;33.0;0.1,520.4,1.0,320.4;-222196.0,407360.0;2;550.0,2700.0,2800.0;0.0;0;12.0,-10.0,8.7,-16.0
pe-2-110;12.241;17.15;40.5;6340.0;1110.55;760.0;0.75;450.0;20.0;33.0;0.1,520.4,1.0,320.4;-222196.0,407360.0;2;550.0,2700.0,2800.0;0.0;0;12.0,-10.0,8.7,-16.0
pe-2-205;12.241;17.15;40.5;6417.0;1110.55;760.0;0.75;450.0;20.0;33.0;0.1,520.4,1.0,320.4;-222196.0,407360.0;2;550.0,2700.0,2800.0;0.0;0;12.0,-10.0,8.7,-16.0
pe-2-31;12.241;17.15;40.5;6407.0;1110.55;760.0;0.75;450.0;20.0;33.0;0.1,520.4,1.0,320.4;-222196.0,407360.0;2;550.0,2700.0,2800.0;0.0;0;12.0,-10.0,8.7,-16.0
pe-2-359;12.241;17.15;40.5;6417.0;1110.55;760.0;0.75;450.0;20.0;33.0;0.1,520.4,1.0,320.4;-222196.0,407360.0;2;550.0,2700.0,2800.0;0.0;0;12.0,-10.0,8.7,-16.0
pe-2-83;12.241;17.15;40.5;6340.0;1110.55;760.0;0.75;450.0;20.0;33.0;0.1,520.4,1.0,320.4;-222196.0,407360.0;2;550.0,2700.0,2800.0;0.0;0;12.0,-10.0,8.7,-16.0
pe-3;12.241;17.15;40.5;5996.0;1680.0;760.0;0.75;450.0;20.0;33.0;0.1,520.4,1.0,320.4;-222196.0,407360.0;2;550.0,2700.0,2800.0;0.0;0;12.0,-10.0,8.7,-16.0
pe-3_bis;12.241;17.15;40.5;5940.0;1680.0;760.0;0.75;450.0;20.0;33.0;0.1,520.4,1.0,320.4;-222196.0,407360.0;2;550.0,2700.0,2800.0;0.0;0;14.5,-10.0,13.0,-16.0
pe-3_early;12.241;17.15;40.5;5830.0;1680.0;760.0;0.75;450.0;20.0;33.0;0.1,520.4,1.0,320.4;-222196.0,407360.0;2;550.0,2700.0,2800.0;0.0;0;12.0,-10.0,8.7,-16.0
pe-8_m82;23.05;39.139;188.68;20414.0;4095.0;535.0;0.65;390.0;20.0;33.0;0.1,480.0,0.4,350.0,1.0,310.0;-441422.0,530000.0;1;500.0,2400.0,2700.0;0.0;0;
po-2;8.17;11.4;33.15;761.0;95.0;190.0;0.68;450.0;20.0;33.0;0.1,520.4,1.0,320.4;-12837.0,23107.0;1;400.0,1700.0,1840.0;0.0;0;16.0,-10.0,19.0,-10.0
po-2_nw;8.92;;;1687.0;407.0;;;500.0;20.0;33.0;0.1,450.0,0.4,350.0,1.0,250.0;;;;0.0;0;
po-2m;8.17;11.4;33.15;761.0;95.0;190.0;0.68;450.0;20.0;33.0;0.1,520.4,1.0,320.4;-12837.0,23107.0;1;400.0,1700.0,1840.0;0.0;0;16.0,-10.0,19.0,-10.0
po_2op_event;6.1;9.75;23.55;379.0;232.0;560.0;0.75;560.0;0;33.0;0.1,520.4,1.0,320.4;-26923.0,67306.0;1;400.0,1960.0,3000.0;0.0;0;18.0,-16.0,17.0,-16.0
potez_630;11.07;16.0;31.86;3097.0;584.0;462.0;0.72;295.0;0;33.0;0.1,360.0,1.0,240.0;-123500.0,185500.0;2;390.0,2640.0,2800.0;0.0;0;16.0,-15.5,14.5,-13.0
potez_631;11.07;16.0;31.86;3212.0;584.0;462.0;0.72;295.0;0;33.0;0.1,360.0,1.0,240.0;-123500.0,185500.0;2;550.0,3030.0,3100.0;0.0;0;16.0,-15.5,14.5,-13.0
potez_633;11.07;16.0;32.7;3062.0;584.0;462.0;0.72;295.0;0;33.0;0.1,360.0,1.0,240.0;-123500.0,185500.0;2;390.0,3030.0,3100.0;0.0;0;16.0,-15.5,14.5,-13.0
pv_2;17.31;;;10160.0;2688.0;;;277.8;20.0;33.0;0.1,340.0,1.0,222.24;;;;0.0;0;
pv_2d;17.31;22.86;63.7;10160.0;2687.4;600.6;0.66;277.8;20.0;33.0;0.1,340.0,1.0,222.24;-200000.0,360000.0;2;600.0,2700.0,3100.0;0.0;0;18.0,-13.0,17.0,-12.0
pyorremyrsky;9.13;;;2619.0;290.0;;;360.0;20.0;33.0;0.1,460.0,1.0,260.0;;1;500.0,2800.0,3200.0;0.0;0;
q_5_early;15.415;;;6350.0;1662.0;1260.0;;577.0;0;33.0;0.2,700.0,0.33,500.0,1.0,450.0;;1;4100.0,11195.0,11600.0;0.0;0;
q_5a;15.415;;;6490.0;2827.0;1260.0;;577.0;0;33.0;0.2,700.0,0.33,500.0,1.0,450.0;;1;4100.0,11195.0,11600.0;0.0;0;
q_5l;15.415;9.68;27.95;6495.0;2827.0;1260.0;1.65;577.0;0;33.0;0.2,700.0,0.33,500.0,1.0,450.0;-215000.0,435000.0;1;4100.0,11195.0,11600.0;0.0;0;22.0,-21.0,16.0,-17.0
quing_6;23.0;33.0;120.0;17600.0;7446.0;500.0;0.65;450.0;20.0;33.0;0.1,450.0,1.0,220.0;-411000.0,568400.0;1;6500.0,12300.0,14000.0;0.0;0;17.5,-12.0,16.0,-19.0
r2y2_kai;12.16;;;5400.0;2330.0;;;350.0;20.0;33.0;0.1,520.4,1.0,320.4;;;;0.0;0;
r2y2_v1;12.16;;;5400.0;2330.0;;;350.0;20.0;33.0;0.1,520.4,1.0,320.4;;;;0.0;0;
r2y2_v2;12.16;;;5400.0;2330.0;;;350.0;20.0;33.0;0.1,520.4,1.0,320.4;;;;0.0;0;
rafale_c_f3;19.4;10.0;45.6;9300.0;9560.0;1458.0;2.0;700.0;0;90.0;0.2,1100.0,1.0,700.0;-400000.0,750000.0;1;8500.0,13100.0,15500.0;0.0;0;37.0,-32.0,37.0,-32.0
rafale_m_f3r;19.4;10.0;45.6;9800.0;9560.0;1458.0;2.0;700.0;0;90.0;0.2,1100.0,1.0,700.0;-400000.0,750000.0;1;8500.0,13100.0,15500.0;0.0;0;37.0,-32.0,37.0,-32.0
rah_66;13.3;3.5;3.6;4250.0;870.0;460.0;0.79;420.0;0;33.0;0.0,600.0,0.21,564.0,0.33,351.0,1.0,315.0;-70000.0,130000.0;1;4700.0,6850.0,8900.0;0.0;0;28.6,-28.0,29.6,-28.0
re_2000_ga;7.99;11.0;20.14;2090.0;530.0;740.0;0.85;320.0;20.0;33.0;0.1,480.0,1.0,280.0;-112896.0,150528.0;1;450.0,2250.0,2310.0;0.0;0;18.0,-13.0,17.0,-14.5
re_2000_heja_1;7.99;11.0;20.14;2237.0;460.0;740.0;0.7;320.0;20.0;33.0;0.1,480.0,1.0,280.0;-112896.0,150528.0;1;450.0,2500.0,2800.0;0.0;0;18.0,-13.0,17.0,-14.5
re_2000_heja_2;8.39;11.0;20.14;2070.0;400.0;740.0;0.7;320.0;20.0;33.0;0.1,480.0,1.0,280.0;-112896.0,150528.0;1;450.0,2500.0,2800.0;0.0;0;18.0,-13.0,17.0,-14.5
re_2000_int;7.99;11.0;20.14;2237.0;260.0;740.0;0.7;320.0;20.0;33.0;0.1,480.0,1.0,280.0;-112896.0,150528.0;1;450.0,2200.01,2310.0;0.0;0;18.0,-13.0,17.0,-14.5
re_2001_cb;7.99;11.0;20.4;2547.0;400.0;740.0;0.85;320.0;20.0;33.0;0.1,480.0,1.0,250.0;-137445.0,183260.0;1;650.0,2500.0,2600.0;0.0;0;18.0,-13.0,17.5,-14.5
re_2001_cn;7.99;11.0;20.4;2547.0;400.0;740.0;0.85;320.0;20.0;33.0;0.1,480.0,1.0,250.0;-137445.0,183260.0;1;650.0,2500.0,2600.0;0.0;0;18.0,-13.0,17.5,-14.5
re_2001_serie1;7.99;11.0;20.4;2547.0;400.0;740.0;0.85;320.0;20.0;33.0;0.1,480.0,1.0,250.0;-137445.0,183260.0;1;650.0,2500.0,2600.0;0.0;0;18.0,-13.0,17.5,-14.5
re_2002_early;7.99;11.0;20.14;2639.0;434.0;740.0;0.85;320.0;20.0;33.0;0.1,480.0,1.0,280.0;-112896.0,150528.0;1;450.0,2400.0,2510.0;0.0;0;18.0,-13.0,17.0,-14.5
re_2005_serie0;8.73;;;2861.0;450.0;800.0;;320.0;20.0;33.0;0.1,480.0,1.0,250.0;;1;400.0,2800.0,2900.0;0.0;0;
re_2005_vdm;8.73;11.0;20.4;2861.0;450.0;800.0;0.85;320.0;20.0;33.0;0.1,480.0,1.0,250.0;-137445.0,183260.0;1;500.0,2800.0,3200.0;63.0;0;18.0,-13.0,17.5,-14.5
ro_43;9.715;11.574;33.36;1812.0;172.0;400.0;0.6;400.0;0;33.0;0.1,520.4,1.0,320.4;-97020.0,97020.0;1;450.0,2350.0,3000.0;0.0;0;18.0,-15.0,17.0,-15.0
ro_44;9.715;11.574;33.36;1895.0;172.0;400.0;0.6;400.0;0;33.0;0.1,520.4,1.0,320.4;-97020.0,97020.0;1;450.0,2350.0,3000.0;0.0;0;18.0,-15.0,17.0,-15.0
ro_57_quadriarma;8.83;12.5;23.0;3794.0;590.0;800.0;0.78;320.0;20.0;33.0;0.1,600.0,0.3,340.0,1.0,280.0;-134926.0,314827.0;1;600.0,2520.0,3000.0;0.0;0;17.5,-16.0,18.0,-18.0
s_199;9.16;9.86;16.2;2860.0;296.0;790.0;0.82;360.0;20.0;33.0;0.1,460.0,1.0,260.0;-100000.0,200000.0;1;420.0,2600.0,2750.0;0.0;0;17.2,-14.0,15.1,-17.0
s_81_ar125;17.875;24.0;92.0;6800.0;2620.0;530.0;0.61;530.0;20.0;33.0;0.1,386.0,1.0,241.0;-120000.0,193592.0;3;550.0,2200.0,2415.0;0.0;0;14.5,-12.0,14.0,-13.0
sa_313b;16.0;;;890.0;440.0;;;320.0;0;33.0;0.0,1600.0,0.21,1564.0,0.33,1351.0,1.0,1315.0;;;;0.0;0;
sa_316b;16.0;;;950.0;453.0;;;320.0;0;33.0;0.0,1600.0,0.21,1564.0,0.33,1351.0,1.0,1315.0;;;;0.0;0;
sa_341f;16.0;;;990.0;453.0;;;320.0;0;33.0;0.0,1600.0,0.21,1564.0,0.33,1351.0,1.0,1315.0;;;;0.0;0;
sa_342l_china;16.0;;;998.0;453.0;;;320.0;0;33.0;0.0,1600.0,0.21,1564.0,0.33,1351.0,1.0,1315.0;;;;0.0;0;
sa_342m;16.0;;;998.0;453.0;;;320.0;0;33.0;0.0,1600.0,0.21,1564.0,0.33,1351.0,1.0,1315.0;;;;0.0;0;
saab_105g;10.8;;;3100.0;1570.0;1000.0;;400.0;0;33.0;0.1,400.0,1.0,350.0;;1;7755.0,16500.0,18000.0;0.0;0;
saab_105oe;10.8;;;3090.0;1570.0;1000.0;;400.0;0;33.0;0.1,400.0,1.0,350.0;;1;7755.0,16500.0,18000.0;0.0;0;
saab_a21a_3;10.45;;;3570.0;1046.0;790.0;;325.0;20.0;33.0;0.1,460.0,1.0,325.0;;1;500.0,2800.0,3150.0;0.0;0;
saab_a21rb;10.45;;;3505.0;1376.0;740.0;;360.0;20.0;33.0;0.1,460.0,1.0,260.0;;1;5000.0,10200.0,14000.0;0.0;0;
saab_a32a;14.65;;;8120.0;2762.0;;;450.0;0;33.0;0.1,550.0,1.0,320.0;;1;2750.0,8100.0,10000.0;0.0;0;
saab_aj37;15.34;10.4;50.0;10900.0;5440.0;1485.0;2.1;620.0;0;33.0;0.1,550.0,1.0,400.0;-400000.0,950000.0;1;7000.0,11950.0,12300.0;0.0;0;34.1,-30.0,37.0,-30.0
saab_ajs37;15.34;10.4;50.0;11020.0;5440.0;1485.0;2.1;620.0;0;33.0;0.1,550.0,1.0,400.0;-400000.0,950000.0;1;7000.0,11950.0,12300.0;0.0;0;34.1,-30.0,37.0,-30.0
saab_b17a;9.8;;;2600.0;424.0;620.0;;320.0;20.0;33.0;0.1,400.0,1.0,280.0;;1;450.0,2700.0,2850.0;0.0;0;
saab_b17b;9.8;;;2486.0;424.0;620.0;;480.0;20.0;33.0;0.1,400.0,1.0,280.0;;1;450.0,2750.0,2850.0;0.0;0;
saab_b17bs;10.0;;;3024.38;424.0;480.0;;500.0;20.0;33.0;0.1,400.0,1.0,280.0;;1;450.0,2700.0,2850.0;0.0;0;
saab_b18a;13.23;17.04;43.8;5764.0;1224.0;735.0;0.84;320.0;20.0;33.0;0.1,490.0,1.0,290.0;-128500.0,321200.0;1;450.0,2700.0,2860.0;0.0;0;16.8,-14.0,15.5,-16.5
saab_b18b;13.23;17.04;43.8;6373.0;1224.0;735.0;0.84;320.0;20.0;33.0;0.1,490.0,1.0,290.0;-128500.0,321200.0;1;500.0,2800.0,3150.0;0.0;0;16.8,-14.0,15.5,-16.5
saab_b3c;17.86;;;5941.0;1270.0;400.0;;350.0;20.0;33.0;0.1,320.0,0.5,280.0,1.0,240.0;;1;500.0,2600.0,3025.0;0.0;0;
saab_f35_wdns;15.34;9.42;40.0;8390.0;4766.0;1417.0;2.3;500.0;0;33.0;0.1,550.0,1.0,320.0;-275000.0,550000.0;1;2750.0,8000.0,10000.0;0.0;0;36.1,-36.0,32.8,-30.0
saab_j21a_1;10.45;;;3570.0;382.0;790.0;;325.0;20.0;33.0;0.1,460.0,1.0,325.0;;1;500.0,2800.0,3150.0;0.0;0;
saab_j21ra;10.45;;;3420.0;712.0;740.0;;360.0;20.0;33.0;0.1,460.0,1.0,260.0;;1;5000.0,10200.0,14000.0;0.0;0;
saab_j29a;10.227;;;4990.0;1160.0;1100.0;;420.0;20.0;33.0;0.2,800.0,0.33,575.0,1.0,350.0;;1;3000.0,10250.0,14000.0;0.0;0;
saab_j29b;10.227;;;4960.0;1720.0;1100.0;;420.0;20.0;33.0;0.2,800.0,0.33,575.0,1.0,350.0;;1;3000.0,10250.0,14000.0;0.0;0;
saab_j29d;10.227;;;4900.0;1720.0;1100.0;;420.0;20.0;33.0;0.2,800.0,0.33,575.0,1.0,350.0;;1;3000.0,10250.0,14000.0;0.0;0;
saab_j29f;10.227;;;4920.0;1720.0;1100.0;;420.0;20.0;33.0;0.2,800.0,0.33,575.0,1.0,350.0;;1;3000.0,10250.0,14000.0;0.0;0;
saab_j32b;14.5;;;8680.0;2762.0;;;450.0;0;33.0;0.1,550.0,1.0,320.0;;1;2750.0,8000.0,10000.0;0.0;0;
saab_j35a;15.34;9.42;40.0;7490.0;2143.0;1417.0;2.3;500.0;0;33.0;0.1,550.0,1.0,320.0;-275000.0,550000.0;1;2750.0,8000.0,10000.0;0.0;0;36.1,-36.0,32.8,-30.0
saab_j35d;15.34;9.42;40.0;7990.0;3006.0;1417.0;2.3;500.0;0;33.0;0.1,550.0,1.0,320.0;-275000.0,550000.0;1;2750.0,8000.0,10000.0;0.0;0;36.1,-36.0,32.8,-30.0
saab_j35j;15.34;9.42;40.0;8140.0;3006.0;1417.0;2.3;500.0;0;33.0;0.1,550.0,1.0,320.0;-285000.0,570000.0;1;2750.0,8000.0,10000.0;0.0;0;36.1,-36.0,32.8,-30.0
saab_j35xs;15.34;9.42;40.0;8140.0;3006.0;1417.0;2.3;500.0;0;33.0;0.1,550.0,1.0,320.0;-275000.0,550000.0;1;2750.0,8000.0,10000.0;0.0;0;36.1,-36.0,32.8,-30.0
saab_ja37;15.34;10.4;50.0;12200.0;5440.0;1536.0;2.1;620.0;0;33.0;0.1,550.0,1.0,400.0;-400000.0,950000.0;1;7000.0,11650.0,12300.0;0.0;0;34.1,-30.0,37.0,-30.0
saab_jas39a;14.1;8.4;30.0;6750.0;5013.0;1543.0;2.0;620.0;0;33.0;0.1,550.0,1.0,400.0;-250000.0,450000.0;1;8500.0,13350.0,15000.0;0.0;0;37.0,-32.0,36.0,-31.0
saab_jas39c;14.1;8.4;30.0;6750.0;5013.0;1543.0;2.0;620.0;0;33.0;0.1,550.0,1.0,400.0;-250000.0,450000.0;1;8500.0,13350.0,15000.0;0.0;0;37.0,-32.0,36.0,-31.0
saab_jas39d;14.1;8.4;30.0;6830.0;5013.0;1543.0;2.0;620.0;0;33.0;0.1,550.0,1.0,400.0;-250000.0,450000.0;1;8500.0,13350.0,15000.0;0.0;0;37.0,-32.0,36.0,-31.0
saab_jas39e;14.1;8.4;30.0;7770.0;6071.0;1543.0;2.0;620.0;0;33.0;0.1,550.0,1.0,400.0;-270000.0,480000.0;1;10350.0,17045.0,18045.0;0.0;0;37.0,-32.0,36.0,-31.0
saab_sk60b;10.8;;;2070.0;1065.0;1132.0;;400.0;0;33.0;0.1,400.0,1.0,350.0;;1;8000.0,33670.0,36000.0;0.0;0;
saab_t18b_1;13.23;17.04;42.4;7685.0;1224.0;735.0;0.84;320.0;20.0;33.0;0.1,490.0,1.0,290.0;-128500.0,321200.0;1;500.0,2800.0,3150.0;0.0;0;16.8,-14.0,15.5,-16.5
saab_t18b_2;13.23;17.04;42.4;7685.0;1224.0;735.0;0.84;320.0;20.0;33.0;0.1,490.0,1.0,290.0;-128500.0,321200.0;1;500.0,2800.0,3150.0;0.0;0;16.8,-14.0,15.5,-16.5
sagittario_2;9.563;7.5;14.73;2305.0;936.0;1125.0;1.21;450.0;20.0;33.0;0.1,520.4,1.0,320.4;-80500.0,198500.0;1;8000.0,14700.0,15500.0;0.0;0;
sb2c_1c;11.1732;15.1591;39.21;5343.04;890.0;656.0;0.7;333.0;20.0;33.0;0.1,520.4,0.5,453.0,1.0,250.0;-169302.0,338604.0;1;800.0,2600.0,3000.0;0.0;0;15.0,-15.0,15.0,-14.0
sb2c_4;11.1732;15.1591;39.21;5222.0;890.0;656.0;0.7;333.0;20.0;33.0;0.1,520.4,0.5,453.0,1.0,250.0;-169302.0,338604.0;1;800.0,2800.0,3100.0;0.0;0;15.0,-15.0,15.0,-14.0
sb2c_5;11.1732;15.1591;39.21;5222.0;890.0;656.0;0.7;333.0;20.0;33.0;0.1,520.4,0.5,453.0,1.0,250.0;-169302.0,338604.0;1;800.0,2800.0,3100.0;0.0;0;15.0,-15.0,15.0,-14.0
sb2c_5_greece;11.1732;15.1591;39.21;5222.0;890.0;656.0;0.7;333.0;20.0;33.0;0.1,520.4,0.5,453.0,1.0,250.0;-169302.0,338604.0;1;800.0,2800.0,3100.0;0.0;0;15.0,-15.0,15.0,-14.0
sb2u-2;10.0;12.77;28.36;3023.41;386.82;740.0;0.62;740.0;0;33.0;0.1,740.0,1.0,700.0;-144060.0,246960.0;1;800.0,2630.0,3060.0;0.0;0;18.0,-12.0,15.8,-18.5
sb2u-3;10.0;12.77;28.36;3023.41;386.82;740.0;0.62;740.0;0;33.0;0.1,740.0,1.0,700.0;-144060.0,246960.0;1;800.0,2630.0,3060.0;0.0;0;18.0,-12.0,15.8,-18.5
sb_25j_netherlands;16.307;20.604;56.67;10205.0;2654.0;591.0;0.65;294.0;20.0;33.0;0.1,430.0,0.33,320.0,1.0,294.0;-177470.0,325660.0;2;600.0,2600.0,2880.0;0.0;0;14.25,-13.2,13.5,-15.0
sb_2m_100;12.27;20.33;56.7;4351.0;1130.0;550.0;0.75;350.0;20.0;33.0;0.1,320.0,1.0,280.0;-56231.0,89969.0;2;440.0,2400.0,2900.0;0.0;0;17.0,-12.0,15.0,-19.0
sb_2m_103c;12.27;20.33;56.7;4902.0;1130.0;580.0;0.75;350.0;20.0;33.0;0.1,320.0,1.0,280.0;-91233.0,121644.0;2;900.0,2450.0,2900.0;0.0;0;17.0,-12.0,15.0,-19.0
sb_2m_103u_mv3;12.27;20.33;56.7;4902.0;1130.0;580.0;0.75;350.0;20.0;33.0;0.1,320.0,1.0,280.0;-90865.0,136298.0;2;900.0,2450.0,2900.0;0.0;0;17.0,-12.0,15.0,-19.0
sb_2m_105;12.27;20.33;56.7;5122.0;1130.0;600.0;0.75;350.0;20.0;33.0;0.1,320.0,1.0,280.0;-121644.0,182466.0;2;900.0,2700.0,2800.0;0.0;0;17.0,-12.0,15.0,-19.0
sbd-3;9.96;;;3210.37;272.2;740.0;;450.0;20.0;33.0;0.1,520.4,1.0,320.4;;1;800.0,2350.0,2500.0;0.0;0;
sc_1;10.9728;12.4968;26.0129;3223.0;315.7;510.0;0.6;600.0;20.0;33.0;0.1,400.0,1.0,350.0;-115087.0,153438.0;1;450.0,2600.0,2700.0;0.0;0;17.0,-14.5,15.0,-13.01
scimitar_f1;16.8463;;;11722.0;3965.5;1320.0;;583.3;45.0;70.0;0.2,650.0,0.33,637.0,1.0,447.2;;1;2750.0,8000.0,10000.0;0.0;0;
scout_ah_mk1;9.85;;;1590.0;558.0;;;320.0;0;33.0;0.0,1600.0,0.21,1564.0,0.33,1351.0,1.0,1315.0;;;;0.0;0;
se_203;10.0;12.0;25.98;4520.0;1680.2;1045.0;0.92;420.0;20.0;33.0;0.1,450.0,0.5,351.0,1.0,320.0;-154001.0,310001.0;1;3000.0,10250.0,14000.0;0.0;0;16.0,-14.0,14.6,-17.0
sea_fury_fb11;10.55;11.71;26.0;4726.0;653.0;826.0;0.83;360.0;20.0;33.0;0.1,430.0,1.0,273.0;-185000.0,280000.0;1;600.0,2701.0,3120.0;0.0;0;16.2,-15.0,14.2,-14.7
sea_harrier_fa2;14.3;7.7;18.6;6060.0;2293.0;1463.0;1.25;648.0;0;33.0;0.1,1111.0,0.32,926.0,1.0,556.0;-220000.0,560000.0;1;4900.0,7510.0,10000.0;223.0;0;23.0,-23.0,26.0,-21.0
sea_hawk_fga6;11.58;;;4550.0;1440.0;;;370.0;0;33.0;0.1,850.0,1.0,796.0;;1;5000.0,12700.0,16000.0;0.0;0;
sea_venom_faw20;10.0;12.0;25.98;4520.0;1680.2;1045.0;0.92;420.0;20.0;33.0;0.1,450.0,0.5,351.0,1.0,320.0;-154001.0,310001.0;1;3000.0,10250.0,14000.0;0.0;0;16.0,-14.0,14.6,-17.0
seafire_fr47;9.96;;;4230.0;345.0;;;330.0;0;33.0;0.0,450.0,0.3,370.0;;;;0.0;0;
seafire_mk17;9.12;;;3220.0;324.0;;;260.0;0;33.0;0.5,290.0,1.0,260.0;;;;0.0;0;
seafire_mk3;9.12;;;2770.0;289.0;;;270.0;0;33.0;0.5,290.0,1.0,260.0;;;;0.0;0;
shackleton_mr_mk_2;26.62;36.58;132.0;23300.0;10776.0;583.0;0.8;438.0;0;33.0;0.1,440.0,1.0,301.0;-295000.0,587500.0;1;800.0,2751.0,3000.0;88.0;0;16.0,-15.5,14.5,-13.0
sm_79_1936;15.6;;;7082.0;2391.0;;;300.0;20.0;33.0;0.1,325.0,1.0,220.0;;;;0.0;0;
sm_79_1937;15.6;;;7082.0;2391.0;;;300.0;20.0;33.0;0.1,325.0,1.0,220.0;;;;0.0;0;
sm_79_1939;15.6;;;7082.0;2391.0;;;300.0;20.0;33.0;0.1,325.0,1.0,220.0;;;;0.0;0;
sm_79_1941;15.6;;;7082.0;2391.0;;;300.0;20.0;33.0;0.1,325.0,1.0,220.0;;;;38.0;0;
sm_79_1942;15.6;;;6882.0;2391.0;;;300.0;20.0;33.0;0.1,325.0,1.0,220.0;;;;38.0;0;
sm_79_1943;15.6;;;6882.0;2391.0;;;300.0;20.0;33.0;0.1,325.0,1.0,220.0;;;;38.0;0;
sm_79_iar;16.2;;;6640.0;2391.0;;;300.0;20.0;33.0;0.1,480.0,1.0,280.0;;;;38.0;0;
sm_91;13.25;;;7023.0;1030.0;;;300.0;20.0;33.0;0.1,600.0,0.5,340.0,1.0,260.0;;;;0.0;0;
sm_92;13.69;;;6373.0;2040.0;;;300.0;20.0;33.0;0.1,600.0,0.5,340.0,1.0,260.0;;;;0.0;0;
so_4050_vautour_2a;17.65;15.1;45.0;11000.0;3182.0;1166.0;1.1;425.0;20.0;33.0;0.1,600.0,1.0,463.0;-240000.0,530000.0;2;2750.0,8450.0,10000.0;0.0;0;22.0,-14.2,16.0,-22.0
so_4050_vautour_2b;17.65;15.1;45.0;11500.0;3182.0;1166.0;1.1;425.0;20.0;33.0;0.1,600.0,1.0,463.0;-240000.0,530000.0;2;2750.0,8450.0,10000.0;0.0;0;22.0,-14.2,16.0,-22.0
so_4050_vautour_2n;17.65;15.1;45.0;11000.0;3182.0;1166.0;1.1;425.0;20.0;33.0;0.1,600.0,1.0,463.0;-240000.0,530000.0;2;2750.0,8450.0,10000.0;0.0;0;22.0,-14.2,16.0,-22.0
so_4050_vautour_2n_late;17.65;15.1;45.0;11000.0;3182.0;1166.0;1.1;425.0;20.0;33.0;0.1,600.0,1.0,463.0;-240000.0,530000.0;2;2750.0,8450.0,10000.0;0.0;0;22.0,-14.2,16.0,-22.0
so_8000_narval;9.96;;;5040.0;515.0;;;330.0;20.0;33.0;0.0,450.0,0.3,370.0,1.0,270.0;;;;190.0;0;
soc_1;8.179;10.82;29.43;1861.0;346.0;500.0;0.63;550.0;20.0;33.0;0.1,520.4,1.0,320.4;-127138.0,101120.0;1;500.0,2200.0,2500.0;0.0;0;17.0,-14.5,16.5,-13.0
spad_13;6.25;12.25;21.0;670.0;64.8;500.0;0.7;500.0;20.0;33.0;0.1,520.4,1.0,320.4;-46107.0,101435.0;1;450.0,2300.0,2800.0;0.0;0;20.0,-18.0,17.0,-15.0
spitfire_f22;9.96;;;3550.0;390.0;;;260.0;0;33.0;0.5,290.0,1.0,260.0;;;;0.0;0;
spitfire_f24;9.96;;;3550.0;390.0;;;260.0;0;33.0;0.5,290.0,1.0,260.0;;;;0.0;0;
spitfire_fr_mk14e;9.12;;;3270.0;358.0;;;260.0;0;33.0;0.5,290.0,1.0,260.0;;;;0.0;0;
spitfire_ix;9.12;;;2960.0;289.0;;;270.0;0;33.0;0.5,290.0,1.0,260.0;;;;0.0;0;
spitfire_ix_cw;9.12;;;2960.0;289.0;;;270.0;0;33.0;0.5,290.0,1.0,260.0;;;;0.0;0;
spitfire_ix_early;9.12;;;2960.0;289.0;;;270.0;0;33.0;0.5,290.0,1.0,260.0;;;;0.0;0;
spitfire_ix_lf_c;9.12;;;2960.0;289.0;;;270.0;0;33.0;0.5,290.0,1.0,260.0;;;;0.0;0;
spitfire_lf_mk9c_cw_greece;9.12;;;2960.0;289.0;;;270.0;0;33.0;0.5,290.0,1.0,260.0;;;;0.0;0;
spitfire_mk1;9.12;;;2335.0;289.0;;;270.0;0;33.0;0.5,290.0,1.0,260.0;;;;0.0;0;
spitfire_mk14c;9.12;;;3270.0;358.0;;;260.0;0;33.0;0.5,290.0,1.0,260.0;;;;0.0;0;
spitfire_mk14e;9.12;;;3270.0;358.0;;;260.0;0;33.0;0.5,290.0,1.0,260.0;;;;0.0;0;
spitfire_mk18e;9.12;;;3300.0;358.0;;;260.0;0;33.0;0.5,290.0,1.0,260.0;;;;0.0;0;
spitfire_mk5b;9.12;;;2610.0;289.0;;;270.0;0;33.0;0.5,290.0,1.0,260.0;;;;0.0;0;
spitfire_mk5b_float;9.12;;;2950.0;289.0;;;756.0;0;33.0;0.5,290.0,1.0,260.0;;;;0.0;0;
spitfire_mk5b_notrop;9.12;;;2570.0;289.0;;;270.0;0;33.0;0.5,290.0,1.0,260.0;;;;0.0;0;
spitfire_mk5c;9.12;;;2670.0;289.0;;;270.0;0;33.0;0.5,290.0,1.0,260.0;;;;0.0;0;
spitfire_mk5c_notrop;9.12;;;2670.0;289.0;;;270.0;0;33.0;0.5,290.0,1.0,260.0;;;;0.0;0;
spitfire_mk9c_4cannons;9.12;;;3021.0;289.0;;;270.0;0;33.0;0.5,290.0,1.0,260.0;;;;0.0;0;
spitfire_xvi;9.2;;;3010.0;310.0;;;260.0;0;33.0;0.5,290.0,1.0,260.0;;;;0.0;0;
spitfiremkii;9.12;;;2405.0;289.0;;;270.0;0;33.0;0.5,290.0,1.0,230.0;;;;0.0;0;
spitfiremkiia;9.12;;;2375.0;289.0;;;270.0;0;33.0;0.5,290.0,1.0,230.0;;;;0.0;0;
stirling_mk1;26.6;30.2;135.6;21145.0;6440.0;498.0;0.7;258.0;20.0;33.0;0.1,350.0,1.0,245.0;-300000.0,600000.0;4;600.0,2800.0,3200.0;0.0;0;15.0,-13.0,21.9,-16.0
stirling_mk3;26.6;30.2;135.6;21339.0;6440.0;498.0;0.7;258.0;20.0;33.0;0.1,350.0,1.0,245.0;-300000.0,600000.0;4;600.0,2800.0,3200.0;0.0;0;15.0,-13.0,21.9,-16.0
strikemaster_mk88;10.274;11.23;19.85;2830.0;1216.0;875.0;0.85;282.0;0;33.0;0.1,550.0,0.33,340.0,1.0,292.0;-80000.0,175000.0;1;5500.0,13760.0,14500.0;0.0;0;16.1,-14.0,14.5,-17.0
su-11;10.55;;;4637.0;1846.0;1025.0;;420.0;20.0;33.0;0.1,580.4,1.0,380.4;;1;2700.0,8700.0,9000.0;0.0;0;
su-2_m82;10.46;14.3;28.98;3357.0;560.0;541.0;0.67;350.0;20.0;33.0;0.1,450.0,0.3,340.0;-80861.0,161723.0;1;500.0,2400.0,2600.0;0.0;0;18.0,-11.0,16.0,-18.0
su-2_mv5;10.25;14.3;28.98;3091.0;560.0;541.0;0.65;350.0;20.0;33.0;0.1,450.0,0.3,340.0;-80861.0,161723.0;1;450.0,2375.0,2800.0;0.0;0;18.0,-11.0,16.0,-18.0
su-2_tss1;10.25;14.3;28.98;2971.0;560.0;541.0;0.67;350.0;20.0;33.0;0.1,450.0,0.3,340.0;-80861.0,161723.0;1;450.0,2375.0,2800.0;0.0;0;18.0,-11.0,16.0,-18.0
su-6_am42;9.24;13.58;28.6;4535.0;563.341;680.0;0.65;330.0;20.0;33.0;0.1,480.0,1.0,290.0;-136261.0,273420.0;1;500.0,2500.0,2700.0;0.0;0;17.0,-14.5,16.5,-13.0
su-6_am42_23;9.24;;;4535.0;563.341;;;330.0;20.0;33.0;0.1,480.0,1.0,290.0;;;;0.0;0;
su-6_m71;9.24;;;4600.0;563.341;;;330.0;20.0;33.0;0.1,480.0,1.0,290.0;;;;0.0;0;
su-7b;16.607;9.309;34.0;7823.0;4100.0;1260.0;2.2;630.0;0;50.0;0.2,700.0,0.33,520.0,1.0,473.0;-160000.0,550000.0;1;3995.0,8550.0,9100.0;0.0;0;
su-7bkl;16.607;9.309;34.0;8343.0;5818.0;1260.0;2.2;630.0;0;50.0;0.2,700.0,0.33,520.0,1.0,473.0;-175000.0,580000.0;1;3995.0,8550.0,9100.0;0.0;0;
su-7bmk;16.607;9.309;34.0;8262.0;5618.0;1260.0;2.2;630.0;0;50.0;0.2,700.0,0.33,520.0,1.0,473.0;-175000.0,580000.0;1;3995.0,8550.0,9100.0;0.0;0;
su-8;13.53;20.5;60.0;9310.0;2190.0;720.0;0.81;390.0;20.0;33.0;0.1,480.0,0.4,350.0,1.0,310.0;-207187.0,414374.0;1;500.0,2400.0,2600.0;0.0;0;17.5,-12.0,17.0,-12.0
su-9;10.55;;;4060.0;1846.0;1025.0;;420.0;20.0;33.0;0.1,580.4,1.0,380.4;;1;2700.0,8700.0,9000.0;0.0;0;
su_17m2;18.868;;;10945.0;6400.0;1370.0;;550.0;0;95.0;0.2,800.0,0.33,650.0,1.0,600.0;;1;3995.0,8550.0,9100.0;0.0;0;
su_17m4;18.868;;;11140.0;6400.0;1370.0;;550.0;0;95.0;0.2,800.0,0.33,650.0,1.0,600.0;;1;3995.0,8550.0,9100.0;0.0;0;
su_22m3;18.86;;;10945.0;6400.0;1370.0;;550.0;0;95.0;0.2,800.0,0.33,650.0,1.0,600.0;;1;3995.0,8550.0,9100.0;0.0;0;
su_22m4;18.868;;;11140.0;6400.0;1370.0;;550.0;0;95.0;0.2,800.0,0.33,650.0,1.0,600.0;;1;3995.0,8550.0,9100.0;0.0;0;
su_22um3k;18.86;;;11500.0;6400.0;1370.0;;550.0;0;95.0;0.2,800.0,0.33,650.0,1.0,600.0;;1;3995.0,8550.0,9100.0;0.0;0;
su_24m;22.67;;;22100.0;16440.0;1400.0;;500.0;30.0;99.0;0.2,800.0,0.33,600.0,1.0,500.0;;1;3995.0,8550.0,9100.0;0.0;0;
su_25;14.16;14.36;33.7;10120.0;5572.0;1100.0;0.87;420.0;25.0;33.0;0.25,900.0;-260000.0,620000.0;1;3000.0,9500.0,9950.0;0.0;0;21.0,-16.0,23.0,-17.0
su_25_558arz;14.16;14.36;33.7;10250.0;5572.0;1100.0;0.87;420.0;25.0;33.0;0.25,900.0;-260000.0,620000.0;1;3000.0,9500.0,9950.0;0.0;0;21.0,-16.0,23.0,-17.0
su_25k;14.16;14.36;33.7;10120.0;5572.0;1100.0;0.87;420.0;25.0;33.0;0.25,900.0;-260000.0,620000.0;1;3000.0,9500.0,9950.0;0.0;0;21.0,-16.0,23.0,-17.0
su_25sm3;14.16;14.36;33.7;10230.0;5538.0;1100.0;0.87;420.0;25.0;33.0;0.25,1050.0,1.0,420.0;-320000.0,640000.0;1;3000.0,9500.0,12000.0;0.0;0;21.0,-16.0,23.0,-17.0
su_25t;14.16;14.36;33.7;10670.0;6512.0;1100.0;0.87;420.0;25.0;33.0;0.25,1050.0,1.0,420.0;-320000.0,640000.0;1;3000.0,9500.0,11150.0;0.0;0;21.0,-16.0,23.0,-17.0
su_25tm;14.16;14.36;33.7;10740.0;6512.0;1100.0;0.87;420.0;25.0;33.0;0.25,1050.0,1.0,420.0;-320000.0,640000.0;1;3000.0,9500.0,11150.0;0.0;0;21.0,-16.0,23.0,-17.0
su_27;21.93;14.7;61.98;16300.0;9400.0;1540.0;2.35;700.0;0;90.0;0.2,1018.0,1.0,600.0;-480000.0,1350000.0;1;9400.0,13300.0,14300.0;0.0;0;28.0,-20.0,29.0,-22.0
su_27sm;21.93;14.7;61.98;16700.0;9400.0;1540.0;2.35;700.0;0;90.0;0.2,1018.0,1.0,600.0;-480000.0,1350000.0;1;9400.0,13300.0,14300.0;0.0;0;28.0,-20.0,29.0,-22.0
su_30mk2v_venezuela;21.93;14.7;61.98;17520.0;9400.0;1540.0;2.1;700.0;0;90.0;0.2,1018.0,1.0,600.0;-550000.0,1450000.0;1;9400.0,13300.0,14300.0;0.0;0;28.0,-20.0,29.0,-22.0
su_30mkk;21.93;14.7;61.98;17520.0;9400.0;1540.0;2.1;700.0;0;90.0;0.2,1018.0,1.0,600.0;-550000.0,1450000.0;1;9400.0,13300.0,14300.0;0.0;0;28.0,-20.0,29.0,-22.0
su_30mkm;21.93;14.7;65.98;18450.0;9400.0;1540.0;2.1;700.0;0;90.0;0.2,1018.0,1.0,600.0;-530000.0,1600000.0;1;9400.0,13300.0,14300.0;0.0;0;32.0,-20.0,30.0,-22.0
su_30sm;21.93;14.7;65.98;18830.0;9400.0;1540.0;2.1;700.0;0;90.0;0.2,1018.0,1.0,600.0;-530000.0,1600000.0;1;9400.0,13300.0,14300.0;0.0;0;32.0,-20.0,30.0,-22.0
su_30sm2;21.93;14.7;65.98;18800.0;9400.0;1540.0;2.1;700.0;0;90.0;0.2,1018.0,1.0,600.0;-530000.0,1600000.0;1;8550.0,13800.0,15300.0;0.0;0;32.0,-20.0,30.0,-22.0
su_33;21.93;14.7;65.98;18970.0;9400.0;1540.0;2.35;700.0;0;90.0;0.2,1018.0,1.0,600.0;-550000.0,1650000.0;1;9400.0,13300.0,14300.0;0.0;0;32.0,-20.0,30.0,-22.0
su_34;23.4;14.7;65.98;22300.0;19675.0;1520.0;2.1;700.0;0;90.0;0.2,1018.0,1.0,600.0;-500000.0,1460000.0;1;9400.0,13300.0,14300.0;0.0;0;32.0,-20.0,30.0,-22.0
su_6_single;9.24;;;4467.0;563.341;680.0;;330.0;20.0;33.0;0.1,480.0,1.0,290.0;;1;350.0,2300.0,2530.0;0.0;0;
sunderland_mk3a;28.69;;;14500.0;8214.0;;;450.0;20.0;33.0;0.1,520.4,0.33,232.0,0.66,213.0,1.0,204.0;;;;0.0;0;
sunderland_mk5;28.69;;;15400.0;8214.0;414.0;;450.0;20.0;33.0;0.1,520.4,0.33,232.0,0.66,213.0,1.0,204.0;;4;300.0,2700.0,2900.0;0.0;0;
super_etendard_97;14.35;9.6;28.38;6605.0;2618.0;1263.0;1.35;426.0;20.0;90.0;0.2,1300.0,0.9,389.0,1.0,389.0;-210000.0,550000.0;1;2750.0,8550.0,10000.0;0.0;0;22.0,-17.0,22.0,-17.0
super_hind_mk3;17.51;;;7200.0;2241.0;320.0;;420.0;0;33.0;0.0,600.0,0.21,564.0,0.33,351.0,1.0,315.0;;;;0.0;0;
swift_f1;12.64;9.86;28.44;5920.0;1686.5;1186.0;1.05;435.0;0;33.0;0.33,1060.0,1.0,465.0;-190000.0,370000.0;1;2750.0,7950.0,10000.0;0.0;0;16.9,-14.0,17.9,-17.0
swift_f7;12.64;9.86;31.0;6540.0;1914.0;1167.0;1.05;435.0;0;33.0;0.33,1060.0,1.0,465.0;-210000.0,410000.0;1;2750.0,7900.0,10000.0;0.0;0;17.5,-14.0,18.5,-17.0
swordfish_mk1;11.0716;;;2430.0;493.0;390.0;;400.0;0;33.0;1.0,257.0;;1;450.0,2525.0,3200.0;0.0;0;
swordfish_mk2;11.0716;;;2660.0;493.0;390.0;;400.0;0;33.0;1.0,257.0;;1;450.0,2525.0,3200.0;0.0;0;
t2;16.55;7.88;21.18;6380.0;2982.0;1365.0;1.85;485.0;0;33.0;0.2,735.0,0.33,556.0,1.0,450.0;-213500.0,510500.0;1;5200.0,13600.0,14100.0;0.0;0;32.0,-24.0,29.5,-22.0
t2_early;16.55;7.88;21.18;6380.0;2982.0;1365.0;1.85;485.0;0;33.0;0.2,735.0,0.33,556.0,1.0,450.0;-213500.0,510500.0;1;5200.0,13600.0,14100.0;0.0;0;32.0,-24.0,29.5,-22.0
t_129_atak;16.0;;;3130.0;933.0;310.0;;420.0;0;33.0;0.0,600.0,0.21,564.0,0.33,351.0,1.0,315.0;;1;4700.0,6850.0,8900.0;0.0;0;
ta-152c;10.82;11.0;19.5;4234.0;465.0;912.0;0.83;310.0;13.0;20.0;0.1,700.0,0.33,450.0,1.0,310.0;-132435.0,264870.0;1;500.0,2700.0,3200.0;127.0;0;17.5,-12.0,16.0,-12.0
ta-152h-1;10.82;;;4095.0;736.0;850.0;;310.0;13.0;25.0;0.1,700.0,0.33,450.0,1.0,310.0;;1;500.0,3250.0,3650.0;168.0;0;
ta_154a_1;12.6;16.3;32.4;6880.0;1065.0;787.0;0.78;365.0;0;33.0;0.1,480.0,1.0,330.0;-202577.0,324122.0;1;600.0,2700.0,3200.0;0.0;0;17.0,-14.0,16.0,-14.0
tandem_mai;7.0;;;2537.0;292.0;;;310.0;20.0;33.0;0.1,470.0,1.0,270.0;;;;0.0;0;
tb_3_m17_32;24.4;39.5;230.0;10967.0;5572.0;450.0;0.75;450.0;20.0;33.0;0.1,520.4,1.0,320.4;-220725.0,441450.0;4;600.0,1630.0,1925.0;0.0;0;19.0,-18.0,19.0,-18.0
tbd-1;12.833;15.2;39.0;2530.0;489.0;431.0;0.6;185.0;20.0;33.0;0.1,212.0,1.0,212.0;-41160.0,124009.0;1;400.0,2500.0,2900.0;0.0;0;16.0,-16.3,17.0,-14.0
tbf-1c;12.23;16.505;45.52;4890.5;819.1878;612.0;0.63;397.0;0;33.0;0.1,485.0,1.0,285.0;-86700.0,199500.0;1;800.0,2600.0,3100.0;0.0;0;16.5,-11.0,17.0,-13.0
tempest_mk2;10.49;;;4521.0;432.0;;;361.0;20.0;33.0;0.1,430.0,1.0,270.0;;;;0.0;0;
tempest_mkv;10.26;;;4483.0;430.0;;;361.0;20.0;33.0;0.1,430.0,1.0,269.0;;;;0.0;0;
tempest_mkv_luftwaffe;10.26;;;4482.0;431.0;;;361.0;20.0;33.0;0.1,430.0,1.0,269.0;;;;0.0;0;
tempest_mkv_vikkers;10.26;;;4769.0;430.0;;;361.0;20.0;33.0;0.1,430.0,1.0,269.0;;;;0.0;0;
thunderbolt_mk1;10.617;12.444;26.62;4970.5;843.15;885.0;0.9;450.0;20.0;33.0;0.1,520.4,1.0,320.4;-166000.0,385000.0;1;600.0,2700.0,3100.0;113.0;0;16.0,-15.4,15.0,-12.2
tiger_hac_france;16.0;;;3660.0;1060.0;;;420.0;0;33.0;0.0,600.0,0.21,564.0,0.33,351.0,1.0,315.0;;;;0.0;0;
tiger_had_block2_france;16.0;;;3660.0;1060.0;;;420.0;0;33.0;0.0,600.0,0.21,564.0,0.33,351.0,1.0,315.0;;;;0.0;0;
tiger_had_france;16.0;;;3660.0;1060.0;;;420.0;0;33.0;0.0,600.0,0.21,564.0,0.33,351.0,1.0,315.0;;;;0.0;0;
tiger_had_spain;16.0;;;3660.0;1060.0;;;420.0;0;33.0;0.0,600.0,0.21,564.0,0.33,351.0,1.0,315.0;;;;0.0;0;
tiger_hap_france;16.0;;;3320.0;1060.0;;;420.0;0;33.0;0.0,600.0,0.21,564.0,0.33,351.0,1.0,315.0;;;;0.0;0;
tiger_uht;16.0;;;3440.0;1060.0;;;420.0;0;33.0;0.0,600.0,0.21,564.0,0.33,351.0,1.0,315.0;;;;0.0;0;
tis_ma;11.7;15.5;34.85;6875.0;1000.0;740.0;0.85;320.0;20.0;33.0;0.1,400.0,1.0,270.0;-319504.0,426006.0;2;450.0,2350.0,2500.0;0.0;0;19.2,-14.0,17.1,-17.0
tornado_adv;18.6;;;14450.0;7430.0;1450.0;;518.0;20.0;50.0;0.2,1166.0,0.33,590.0,1.0,440.0;;1;6500.0,14800.0,15500.0;0.0;0;
tornado_f3;18.6;;;14450.0;7430.0;1450.0;;518.0;20.0;50.0;0.2,1166.0,0.33,590.0,1.0,440.0;;1;6500.0,14800.0,15500.0;0.0;0;
tornado_f3_late;18.6;;;14450.0;11930.0;1450.0;;518.0;20.0;50.0;0.2,1166.0,0.33,590.0,1.0,440.0;;1;6500.0,14800.0,15500.0;0.0;0;
tornado_gr1;16.7;;;14100.0;7430.0;1370.0;;518.0;20.0;50.0;0.2,1166.0,0.33,590.0,1.0,440.0;;1;6500.0,14800.0,15500.0;0.0;0;
tornado_gr4;16.7;;;14350.0;7430.0;1370.0;;518.0;20.0;50.0;0.2,1166.0,0.33,590.0,1.0,440.0;;1;6500.0,14800.0,15500.0;0.0;0;
tornado_ids_de_assta1;16.7;;;14500.0;7430.0;1450.0;;518.0;20.0;50.0;0.2,1166.0,0.33,590.0,1.0,440.0;;1;6500.0,14800.0,15500.0;0.0;0;
tornado_ids_de_assta3_sle;16.7;;;14500.0;7430.0;1450.0;;518.0;20.0;50.0;0.2,1166.0,0.33,590.0,1.0,440.0;;1;6500.0,14800.0,15500.0;0.0;0;
tornado_ids_de_mfg;16.7;;;14500.0;7430.0;1450.0;;518.0;20.0;50.0;0.2,1166.0,0.33,590.0,1.0,440.0;;1;6500.0,14800.0,15500.0;0.0;0;
tornado_ids_de_wtd61;16.7;;;14500.0;7430.0;1450.0;;518.0;20.0;50.0;0.2,1166.0,0.33,590.0,1.0,440.0;;1;6500.0,14800.0,15500.0;0.0;0;
tornado_ids_it;16.7;;;14500.0;7430.0;1450.0;;518.0;20.0;50.0;0.2,1166.0,0.33,590.0,1.0,440.0;;1;6500.0,14800.0,15500.0;0.0;0;
tornado_ids_it_mod95;16.7;;;14500.0;7430.0;1450.0;;518.0;20.0;50.0;0.2,1166.0,0.33,590.0,1.0,440.0;;1;6500.0,14800.0,15500.0;0.0;0;
tornado_ids_it_ret8;16.7;;;14500.0;7430.0;1450.0;;518.0;20.0;50.0;0.2,1166.0,0.33,590.0,1.0,440.0;;1;6500.0,14800.0,15500.0;0.0;0;
tu-1;13.6;18.86;39.33;9739.0;2200.0;900.0;0.81;390.0;20.0;33.0;0.1,480.0,0.4,350.0,1.0,310.0;-207187.0,414374.0;1;500.0,2500.0,2700.0;0.0;0;17.5,-12.0,17.0,-12.0
tu-2;13.8;18.86;48.8;7926.0;2100.0;900.0;0.81;390.0;20.0;33.0;0.1,480.0,0.4,350.0,1.0,310.0;-207187.0,414374.0;1;500.0,2500.0,2600.0;0.0;0;
tu-2_early;13.8;18.86;48.52;7826.0;2200.0;900.0;0.81;390.0;20.0;33.0;0.1,480.0,0.4,350.0,1.0,310.0;-207187.0,414374.0;1;500.0,2400.0,2600.0;0.0;0;
tu-2_postwar;13.8;18.86;48.8;8017.0;1960.0;900.0;0.81;390.0;20.0;33.0;0.1,480.0,0.4,350.0,1.0,310.0;-207187.0,414374.0;1;500.0,2500.0,2600.0;0.0;0;
tu-2_postwar_late;13.8;18.86;48.8;8697.0;1960.0;900.0;0.81;390.0;20.0;33.0;0.1,480.0,0.4,350.0,1.0,310.0;-207187.0,414374.0;1;500.0,2500.0,2600.0;0.0;0;
tu_14t;22.0;21.7;67.4;15100.0;8445.0;892.0;0.82;420.0;20.0;33.0;0.1,600.0,1.0,420.0;-379812.0,739812.0;6;5000.0,11561.0,16000.0;0.0;0;15.0,-13.35,12.0,-22.0
tu_4;30.175;43.047;161.46;36930.0;14530.0;507.0;0.64;389.0;20.0;33.0;0.1,340.0,1.0,270.0;-548000.0,1097000.0;4;550.0,2600.0,2800.0;0.0;0;14.2,-12.0,13.0,-13.0
typhoon_fgr4;19.4;11.0;51.4;11220.0;7110.0;1607.0;2.46;700.0;0;90.0;0.2,1018.0,1.0,481.0;-430000.0,810000.0;1;8500.0,13100.0,15500.0;0.0;0;37.0,-32.0,36.0,-31.0
typhoon_mk1a;9.7;;;4320.0;504.0;;;320.0;20.0;33.0;0.1,420.0,1.0,315.0;;;;0.0;0;
typhoon_mk1b;9.7;;;4320.0;504.0;;;320.0;20.0;33.0;0.1,420.0,1.0,320.0;;;;0.0;0;
typhoon_mk1b_late;9.7;;;4320.0;504.0;845.0;;320.0;20.0;33.0;0.1,420.0,1.0,320.0;;1;800.0,3710.0,4200.0;0.0;0;
uav_inf_fpv_strike_drone;0.5;0.5;0.06;2.5;0.00102;700.0;0.73;320.0;0;33.0;0.1,410.4,0.5,350.0,1.0,280.0;-120000.0,160000.0;1;4900.0,8400.0,10000.0;0.0;0;30.0,-30.0,30.0,-30.0
uav_inf_recon_drone;0.5;0.5;0.3;1.0;0.005;700.0;0.73;320.0;0;33.0;0.1,410.4,0.5,350.0,1.0,280.0;-120000.0,160000.0;1;4900.0,8400.0,10000.0;0.0;0;30.0,-30.0,30.0,-30.0
uav_inf_strike_drone;3.5;2.2;0.9;5.0;0.02;700.0;0.73;320.0;0;33.0;0.1,410.4,0.5,350.0,1.0,280.0;-120000.0,160000.0;1;400.0,2500.0,10000.0;0.0;0;24.0,-20.0,24.0,-20.0
uav_quadcopter;0.5;0.5;0.3;4.0;0.02;700.0;0.73;320.0;0;33.0;0.1,410.4,0.5,350.0,1.0,280.0;-120000.0,160000.0;1;4900.0,8400.0,10000.0;0.0;0;30.0,-30.0,30.0,-30.0
ucav_mq_1_predator;8.23;14.4;10.98;512.0;457.0;390.0;0.71;450.0;20.0;33.0;0.1,520.4,1.0,320.4;-12837.0,23107.0;1;400.0,2800.0,3840.0;0.0;0;18.0,-15.0,19.0,-10.0
ucav_recon_micro;3.5;3.8;1.62;5.0;0.02;700.0;0.73;320.0;0;33.0;0.1,410.4,0.5,350.0,1.0,280.0;-120000.0,160000.0;1;400.0,2500.0,10000.0;0.0;0;24.0,-20.0,24.0,-20.0
uh_1b;12.98;;;2200.0;833.0;;;420.0;0;33.0;0.0,600.0,0.21,564.0,0.33,351.0,1.0,315.0;;;;0.0;0;
uh_1c;12.98;;;2200.0;833.0;;;420.0;0;33.0;0.0,600.0,0.21,564.0,0.33,351.0,1.0,315.0;;;;0.0;0;
uh_1d;12.98;;;2200.0;833.0;;;420.0;0;33.0;0.0,600.0,0.21,564.0,0.33,351.0,1.0,315.0;;;;0.0;0;
v_11g;11.42;15.24;35.6;2971.0;775.0;620.0;0.75;320.0;20.0;33.0;0.1,380.0,[0.3, 280.0],[1.0, 240.0];-78493.0,156986.0;1;500.0,2100.0,2520.0;0.0;0;18.0,-16.0,16.0,-18.0
v_12d;11.42;15.24;35.6;3779.0;775.0;680.0;0.77;320.0;20.0;33.0;0.1,380.0,[0.3, 280.0],[1.0, 240.0];-96846.0,193691.0;1;500.0,2300.0,2760.0;0.0;0;18.0,-16.0,16.0,-18.0
v_156_f;10.0;12.77;28.36;3023.41;386.82;740.0;0.62;440.0;0;33.0;0.1,740.0,1.0,700.0;-144060.0,246960.0;1;800.0,2630.0,3060.0;0.0;0;18.0,-12.0,15.8,-18.5
vampire_fb5;10.1;;;3385.0;1213.0;;;330.0;20.0;33.0;0.1,520.4,1.0,300.0;;;;0.0;0;
vampire_fb52a;10.1;;;3405.0;1213.0;;;330.0;20.0;33.0;0.1,520.4,1.0,300.0;;;;0.0;0;
vb_10_02;13.0;;;7470.0;1044.2;820.0;;450.0;20.0;33.0;0.1,520.4,1.0,320.4;;2;500.0,2700.0,3100.0;0.0;0;
vb_10c_1;13.0;;;7350.0;1044.2;820.0;;450.0;20.0;33.0;0.1,520.4,1.0,320.4;;2;500.0,2700.0,3100.0;0.0;0;
venom_fb4;10.0;12.0;25.98;4060.0;1809.0;1045.0;0.92;420.0;20.0;33.0;0.1,520.0,1.0,320.0;-154001.0,310001.0;1;3000.0,10250.0,14000.0;0.0;0;16.0,-14.0,13.6,-17.0
vg_33;8.81;10.8;12.35;1850.0;445.0;800.0;0.83;320.0;0;33.0;0.1,470.0,1.0,270.0;-107956.0,143942.0;1;400.0,2520.0,3100.0;0.0;0;17.5,-13.0,17.0,-14.5
vl_myrsky_2_late;8.33;11.0;18.0;2477.1;222.0;650.0;0.78;290.0;20.0;33.0;0.1,380.0,0.5,280.0,1.0,240.0;-130183.0,173577.0;1;450.0,2700.0,2850.0;0.0;0;17.0,-12.0,14.0,-14.0
walrus_mk1;11.455;13.97;55.926;2234.5;497.0;300.0;0.75;450.0;0;33.0;0.1,520.4,1.0,320.4;-42675.0,128027.0;1;400.0,2525.0,3000.0;0.0;0;14.5,-13.5,13.0,-13.5
washington_b1;30.175;43.047;161.46;32867.0;17958.0;507.0;0.64;389.0;20.0;33.0;0.1,340.0,1.0,270.0;-532000.0,1064000.0;4;550.0,2801.0,3150.0;0.0;0;14.2,-12.0,13.0,-13.0
wasp_has_mk1;9.85;;;1570.0;558.0;;;320.0;0;33.0;0.0,1600.0,0.21,1564.0,0.33,1351.0,1.0,1315.0;;;;0.0;0;
welkin_fmk1;12.65;21.34;42.74;6814.0;1891.2303;675.0;0.8;320.0;0;70.0;0.1,482.0,1.0,270.0;-158000.0,320000.0;1;650.0,3000.0,3300.0;0.0;0;17.5,-12.0,18.5,-16.0
wellington_mk10;18.59;;;11095.0;2454.0;;;264.0;20.0;33.0;0.1,355.0,0.33,264.0,1.0,223.0;;;;0.0;0;
wellington_mk1c;18.67;;;9198.0;2524.0;530.0;;264.0;20.0;33.0;0.1,355.0,0.33,264.0,1.0,223.0;;2;500.0,2600.0,2730.0;0.0;0;
wellington_mk3;18.59;;;10425.0;2454.0;;;264.0;20.0;33.0;0.1,355.0,0.33,264.0,1.0,223.0;;;;0.0;0;
wessex_mk5;17.51;3.2;1.2;3875.0;757.0;450.0;0.79;420.0;0;33.0;0.0,600.0,0.21,564.0,0.33,351.0,1.0,315.0;-100000.0,250000.0;1;3000.0,6600.0,10000.0;0.0;0;28.6,-28.0,22.6,-21.0
whirlwind_mk1;9.83;;;4100.0;430.0;;;265.0;20.0;33.0;0.1,490.0,1.0,265.0;;;;0.0;0;
whirlwind_p9;9.83;;;4100.0;430.0;;;265.0;20.0;33.0;0.1,490.0,1.0,265.0;;;;0.0;0;
wirraway;8.487;13.1064;23.5723;1981.0;312.979;580.0;0.8;280.0;20.0;33.0;0.1,403.72,1.0,203.72;-71140.0,111140.0;1;300.0,2300.0,2650.0;0.0;0;18.0,-16.7,17.0,-14.7
wm_21;9.64;12.9;30.4;2536.0;320.0;550.0;0.7;400.0;0;33.0;;-77421.0,136131.0;1;450.0,2500.0,2800.0;0.0;0;18.0,-13.0,16.2,-15.2
wm_23;9.1;9.6;23.5;2133.0;300.0;650.0;0.8;300.0;20.0;33.0;0.1,420.0,1.0,270.0;-87572.8,119466.0;1;450.0,2500.0,2800.0;0.0;0;15.2,-14.0,14.1,-20.0
wyvern_s4;12.8;13.4;35.0;7505.0;1837.0;844.0;0.79;330.0;20.0;33.0;0.0,600.0,0.21,564.0,0.33,351.0,1.0,315.0;-300000.0,500000.0;1;3000.0,8000.0,15000.0;0.0;0;18.6,-17.0,18.5,-20.0
xa_38;15.8;;;11722.0;1742.0;;;350.0;20.0;33.0;0.1,340.0,1.0,280.0;;;;196.0;0;
xf5f;8.75;12.8016;28.19;4154.0;765.0;722.0;0.71;370.0;20.0;33.0;0.1,487.0,1.0,290.0;-175000.0,265000.0;2;500.0,2501.0,2800.0;0.0;0;16.5,-11.0,15.5,-13.0
xf5u_1;11.56;7.2;39.0;6395.0;710.0;790.0;0.74;289.0;0;33.0;0.1,620.0,0.5,403.0,1.0,250.0;-290000.0,600000.0;1;500.0,2700.0,3200.0;0.0;0;36.0,-18.0,37.0,-18.0
xp-50;9.73;;;4279.0;599.0;;;370.0;20.0;33.0;0.1,487.0,1.0,290.0;;;;0.0;0;
xp-55;9.76;11.1;19.8;3117.5;300.0;900.0;0.8;350.0;20.0;33.0;0.1,550.0,1.0,310.0;-99043.0,169043.0;1;600.0,3000.0,3400.0;0.0;0;16.0,-15.0,16.5,-15.0
yah_64;16.0;;;4760.0;1070.0;340.0;;420.0;0;33.0;0.0,600.0,0.21,564.0,0.33,351.0,1.0,315.0;;1;12500.0,20900.0,30000.0;0.0;0;
yak-15;8.5;9.2;14.828;2017.0;588.0;750.0;0.73;450.0;0;33.0;0.1,520.4,1.0,320.4;-120000.0,160000.0;1;2700.0,8700.0,9000.0;0.0;0;17.5,-13.0,15.5,-14.5
yak-17;8.5;9.2;14.828;2088.0;624.0;765.0;0.75;450.0;0;33.0;0.1,520.4,1.0,320.4;-120000.0,160000.0;1;2700.0,8700.0,9000.0;0.0;0;17.5,-13.0,15.5,-14.5
yak-1_early;8.5;9.74;17.136;2390.0;438.0;682.5;0.78;320.0;0;33.0;0.1,410.4,0.5,350.0,1.0,280.0;-120000.0,160000.0;1;500.0,2700.0,3000.0;0.0;0;18.0,-13.0,16.8,-14.5
yak-1b;8.5;9.74;17.136;2350.0;408.0;682.5;0.78;320.0;0;33.0;0.1,410.4,0.5,350.0,1.0,280.0;-120000.0,160000.0;1;500.0,2700.0,2800.0;0.0;0;18.0,-13.0,16.8,-14.5
yak-23;8.1;8.7;13.698;2110.0;728.0;1000.0;0.85;350.0;0;33.0;0.1,520.4,1.0,320.4;-120000.0,160000.0;1;8000.0,14700.0,15500.0;0.0;0;16.0,-13.0,14.0,-14.5
yak-28b;20.02;11.78;35.25;8985.0;4115.0;1124.0;2.1;525.0;0;33.0;0.1,690.0,1.0,630.0;-240000.0,530000.0;1;3000.0,11500.0,14000.0;0.0;0;
yak-2_kabb;9.8;14.0;31.1866;3924.0;600.0;680.0;0.75;320.0;0;33.0;0.1,380.0,1.0,280.0;-254722.0,445763.0;2;450.0,2450.0,2550.0;0.0;0;18.1,-13.0,17.5,-14.5
yak-3;8.5;9.2;14.828;2263.0;270.0;685.0;0.73;320.0;0;33.0;0.1,520.4,1.0,320.4;-120000.0,160000.0;1;500.0,2700.0,2800.0;0.0;0;18.1,-13.0,16.7,-14.5
yak-30d;8.58;;;2600.0;700.0;;;350.0;20.0;33.0;0.1,520.4,1.0,320.0;;;;0.0;0;
yak-38;15.98;;;6515.0;2750.0;1207.5;;500.0;0;33.0;0.2,750.0,0.32,650.0,1.0,500.0;;2;4900.0,8400.0,10000.0;0.0;0;
yak-38m;15.98;;;7110.0;2750.0;1207.5;;500.0;0;33.0;0.2,750.0,0.32,650.0,1.0,500.0;;2;4900.0,8400.0,10000.0;0.0;0;
yak-3_early;8.5;9.2;14.828;2226.0;270.0;685.0;0.73;320.0;0;33.0;0.1,520.4,1.0,320.4;-120000.0,160000.0;1;500.0,2700.0,2800.0;0.0;0;18.1,-13.0,16.7,-14.5
yak-3_france;8.5;;;2263.0;270.0;;;320.0;0;33.0;0.1,520.4,1.0,320.4;;;;0.0;0;
yak-3_vk107;8.5;9.2;14.828;2390.0;360.0;720.0;0.73;320.0;0;33.0;0.1,410.4,0.5,350.0,1.0,280.0;-120000.0,160000.0;1;500.0,3200.0,3500.0;0.0;0;18.1,-13.0,16.7,-14.5
yak-3p;8.5;9.2;14.828;2263.0;270.0;685.0;0.73;320.0;0;33.0;0.1,520.4,1.0,320.4;-120000.0,160000.0;1;500.0,2700.0,2800.0;0.0;0;18.1,-13.0,16.7,-14.5
yak-3t;8.5;9.2;14.828;2348.0;255.0;685.0;0.73;320.0;0;33.0;0.1,520.4,1.0,320.4;-120000.0,160000.0;1;500.0,2700.0,2800.0;0.0;0;18.1,-13.0,16.7,-14.5
yak-4;10.08;14.0;31.1866;5059.0;800.0;680.0;0.75;320.0;0;33.0;0.1,380.0,1.0,280.0;-254722.0,445763.0;2;450.0,2700.0,2850.0;0.0;0;18.1,-13.0,17.5,-14.5
yak-7b;8.5;9.74;17.136;2542.0;320.0;682.5;0.78;320.0;0;33.0;0.1,410.4,0.5,350.0,1.0,280.0;-120000.0,160000.0;1;500.0,2700.0,2800.0;0.0;0;18.0,-13.0,16.8,-14.5
yak-9;8.5;9.74;17.136;2350.0;320.0;682.5;0.78;320.0;0;33.0;0.1,410.4,0.5,350.0,1.0,280.0;-132876.0,177168.0;1;500.0,2700.0,2800.0;0.0;0;18.0,-13.0,16.8,-14.5
yak-9b;8.5;9.74;17.136;2525.0;486.0;682.5;0.78;320.0;0;33.0;0.1,410.4,0.5,350.0,1.0,280.0;-132876.0,177168.0;1;500.0,2700.0,2800.0;0.0;0;18.0,-13.0,16.8,-14.5
yak-9k;8.5;9.74;17.136;2550.0;320.0;682.5;0.78;320.0;0;33.0;0.1,410.4,0.5,350.0,1.0,280.0;-132876.0,177168.0;1;500.0,2700.0,2800.0;0.0;0;18.0,-13.0,16.8,-14.5
yak-9m;8.5;9.74;17.136;2475.0;480.0;720.0;0.78;320.0;0;33.0;0.1,410.4,0.5,350.0,1.0,280.0;-132876.0,177168.0;1;500.0,2700.0,2800.0;0.0;0;18.0,-13.0,16.8,-14.5
yak-9p;8.5;9.74;17.136;2840.0;516.0;756.0;0.78;320.0;0;33.0;0.1,410.4,0.5,350.0,1.0,280.0;-132876.0,185000.0;1;500.0,3200.0,3500.0;0.0;0;18.0,-13.0,16.8,-14.5
yak-9t;8.5;9.74;17.136;2550.0;320.0;682.5;0.78;320.0;0;33.0;0.1,410.4,0.5,350.0,1.0,280.0;-132876.0,177168.0;1;500.0,2700.0,2800.0;0.0;0;18.0,-13.0,16.8,-14.5
yak-9u;8.5;9.74;17.136;2637.0;380.0;720.0;0.78;320.0;0;33.0;0.1,410.4,0.5,350.0,1.0,280.0;-132876.0,177168.0;1;500.0,3200.0,3500.0;0.0;0;18.0,-13.0,16.8,-14.5
yak-9ut;8.5;9.74;17.136;2682.0;380.0;720.0;0.78;320.0;0;33.0;0.1,410.4,0.5,350.0,1.0,280.0;-132876.0,177168.0;1;500.0,3200.0,3500.0;0.0;0;18.0,-13.0,16.8,-14.5
yak_130_early;11.5;9.8;24.0;5550.0;2650.0;1120.0;1.05;350.0;0;50.0;0.2,740.0,1.0,350.0;-145000.0,385000.0;1;11300.0,18330.0,18600.0;0.0;0;30.0,-20.0,27.0,-22.0
yak_141;15.98;10.2;31.72;10800.0;4400.0;1450.0;2.2;500.0;20.0;33.0;0.2,750.0,0.32,650.0,1.0,500.0;-320000.0,900000.0;2;4900.0,8400.0,10000.0;0.0;0;30.0,-24.0,30.0,-20.0
yak_1_pf;8.5;9.74;17.136;2410.0;438.0;682.5;0.78;320.0;0;33.0;0.1,410.4,0.5,350.0,1.0,280.0;-120000.0,160000.0;1;500.0,2700.0,2800.0;0.0;0;18.0,-13.0,16.8,-14.5
yak_3u;8.5;9.4;15.328;2310.0;340.0;700.0;0.73;320.0;0;33.0;0.1,410.4,0.5,350.0,1.0,280.0;-120000.0,160000.0;1;400.0,2500.0,3197.99;0.0;0;18.1,-13.0,16.7,-14.5
yp-38;11.56;;;5829.0;820.0;;;289.0;0;0;0.1,620.0,0.5,403.0,1.0,250.0;;2;600.0,3005.0,3350.0;0.0;0;
z_10;14.15;5.5;5.0;3590.0;1660.0;460.0;0.79;420.0;0;33.0;0.0,600.0,0.21,564.0,0.33,351.0,1.0,315.0;-70000.0,130000.0;1;12500.0,20900.0,30000.0;0.0;0;28.6,-28.0,29.6,-28.0
z_1007_bis_serie3;18.47;;;9218.0;3117.0;;;300.0;0;33.0;0.1,430.0,1.0,280.0;;;;0.0;0;
z_1007_bis_serie5;18.47;;;9247.0;3117.0;;;300.0;0;33.0;0.1,430.0,1.0,280.0;;;;0.0;0;
z_10a;14.15;5.5;5.0;3890.0;1660.0;460.0;0.79;420.0;0;33.0;0.0,600.0,0.21,564.0,0.33,351.0,1.0,315.0;-70000.0,130000.0;1;12500.0,20900.0,30000.0;0.0;0;28.6,-28.0,29.6,-28.0
z_10me;14.15;5.5;5.0;3980.0;1660.0;460.0;0.79;420.0;0;33.0;0.0,600.0,0.21,564.0,0.33,351.0,1.0,315.0;-70000.0,130000.0;1;12500.0,20900.0,30000.0;0.0;0;28.6,-28.0,29.6,-28.0
z_11wa;16.0;3.8;1.2;1260.0;540.0;460.0;0.79;420.0;0;33.0;0.0,600.0,0.21,564.0,0.33,351.0,1.0,315.0;-70000.0,130000.0;1;4600.0,6100.0,7600.0;0.0;0;28.6,-28.0,22.6,-21.0
z_19;16.0;3.8;2.4;2510.0;820.0;460.0;0.79;420.0;0;33.0;0.0,600.0,0.21,564.0,0.33,351.0,1.0,315.0;-70000.0,130000.0;1;4600.0,6100.0,7900.0;0.0;0;28.6,-28.0,22.6,-21.0
z_19e;16.0;3.8;2.4;2510.0;820.0;460.0;0.79;420.0;0;33.0;0.0,600.0,0.21,564.0,0.33,351.0,1.0,315.0;-70000.0,130000.0;1;4600.0,6100.0,7900.0;0.0;0;28.6,-28.0,22.6,-21.0
z_9w;16.0;3.8;2.4;2140.0;820.0;460.0;0.79;420.0;0;33.0;0.0,600.0,0.21,564.0,0.33,351.0,1.0,315.0;-70000.0,130000.0;1;4600.0,6100.0,7900.0;0.0;0;28.6,-28.0,22.6,-21.0
z_9wa;16.0;3.8;2.4;2140.0;820.0;460.0;0.79;420.0;0;33.0;0.0,600.0,0.21,564.0,0.33,351.0,1.0,315.0;-70000.0,130000.0;1;4600.0,6100.0,7900.0;0.0;0;28.6,-28.0,22.6,-21.0
zeppelin;200.0;100.0;5000.0;32000.0;2000.0;180.0;0.45;294.0;20.0;33.0;0.1,430.0,0.33,320.0,1.0,294.0;-450000.0,450000.0;1;400.0,1700.0,2200.0;0.0;0;40.0,-40.0,30.0,-30.0
